gas_day,actual,normal
2021-09-27,13.8766,13.77
2021-09-28,13.1676,13.65
2021-09-29,12.1059,13.52
2021-09-30,12.3198,13.37
2021-10-01,,13.09
2021-10-02,,12.96
2021-10-03,,12.85
2021-10-04,11.6895,12.74
2021-10-05,11.1044,12.62
2021-10-06,12.0863,12.49
2021-10-07,13.2971,12.35
2021-10-08,13.4666,12.21
2021-10-09,13.3112,12.08
2021-10-10,12.7676,11.95
2021-10-11,11.9157,11.82
2021-10-12,11.6801,11.69
2021-10-13,11.8427,11.53
2021-10-14,11.9815,11.37
2021-10-15,11.107,11.21
2021-10-16,10.9224,11.06
2021-10-17,11.4657,10.93
2021-10-18,11.9611,10.81
2021-10-19,13.2815,10.69
2021-10-20,12.2522,10.6
2021-10-21,9.9995,10.5
2021-10-22,9.7562,10.38
2021-10-23,9.9802,10.28
2021-10-24,10.5374,10.18
2021-10-25,10.5529,10.05
2021-10-26,11.0837,9.92
2021-10-27,11.979,9.77
2021-10-28,11.9054,9.6
2021-10-29,10.9699,9.44
2021-10-30,10.1937,9.28
2021-10-31,9.5233,9.11
2021-11-01,8.6078,8.95
2021-11-02,7.927,8.82
2021-11-03,7.0866,8.67
2021-11-04,6.3751,8.53
2021-11-05,6.965,8.37
2021-11-06,8.1086,8.21
2021-11-07,7.9904,8.04
2021-11-08,8.4483,7.88
2021-11-09,9.6085,7.74
2021-11-10,9.5049,7.63
2021-11-11,9.2221,7.53
2021-11-12,9.4334,7.43
2021-11-13,9.4725,7.32
2021-11-14,8.9846,7.19
2021-11-15,8.5428,7.05
2021-11-16,7.9418,6.92
2021-11-17,7.7817,6.8
2021-11-18,8.7451,6.7
2021-11-19,9.1177,6.62
2021-11-20,8.2478,6.58
2021-11-21,6.1415,6.54
2021-11-22,5.5732,6.49
2021-11-23,5.6157,6.45
2021-11-24,5.1964,6.42
2021-11-25,4.3562,6.35
2021-11-26,3.5824,6.27
2021-11-27,2.1399,6.19
2021-11-28,2.0697,6.09
2021-11-29,1.9455,5.95
2021-11-30,5.331,5.82
2021-12-01,4.738,5.7
2021-12-02,3.3198,5.62
2021-12-03,4.6108,5.54
2021-12-04,3.734,5.48
2021-12-05,3.811,5.41
2021-12-06,3.2214,5.35
2021-12-07,2.7665,5.25
2021-12-08,3.6157,5.16
2021-12-09,4.5535,5.11
2021-12-10,3.9126,5.06
2021-12-11,4.8059,5.02
2021-12-12,7.1716,5.0
2021-12-13,7.0658,4.96
2021-12-14,7.4537,4.9
2021-12-15,7.8808,4.85
2021-12-16,7.4354,4.82
2021-12-17,6.2827,4.74
2021-12-18,5.4094,4.66
2021-12-19,4.0688,4.59
2021-12-20,3.9541,4.55
2021-12-21,3.2567,4.47
2021-12-22,2.4967,4.41
2021-12-23,4.2691,4.35
2021-12-24,4.8791,4.31
2021-12-25,3.609,4.24
2021-12-26,4.6689,4.21
2021-12-27,5.4721,4.18
2021-12-28,5.9607,4.16
2021-12-29,7.0682,4.16
2021-12-30,8.5694,4.16
2021-12-31,9.3236,4.14
2022-01-01,9.3736,4.14
2022-01-02,8.0944,4.14
2022-01-03,7.0185,4.13
2022-01-04,4.145,4.12
2022-01-05,3.2658,4.15
2022-01-06,2.1687,4.17
2022-01-07,2.1255,4.18
2022-01-08,3.1599,4.19
2022-01-09,3.7497,4.17
2022-01-10,4.592,4.14
2022-01-11,5.2929,4.09
2022-01-12,4.545,4.02
2022-01-13,3.9603,3.97
2022-01-14,3.3291,3.93
2022-01-15,2.7867,3.9
2022-01-16,3.732,3.87
2022-01-17,3.7181,3.87
2022-01-18,3.2291,3.88
2022-01-19,3.814,3.88
2022-01-20,2.8212,3.91
2022-01-21,2.4682,3.94
2022-01-22,3.6976,3.97
2022-01-23,3.5506,3.99
2022-01-24,3.1444,4.02
2022-01-25,2.4611,4.04
2022-01-26,3.7143,4.06
2022-01-27,5.0418,4.08
2022-01-28,5.1551,4.09
2022-01-29,5.9015,4.09
2022-01-30,4.7985,4.08
2022-01-31,4.6468,4.08
2022-02-01,6.4299,4.1
2022-02-02,6.9337,4.11
2022-02-03,6.6551,4.12
2022-02-04,4.737,4.11
2022-02-05,4.8106,4.1
2022-02-06,4.8124,4.07
2022-02-07,5.5517,4.05
2022-02-08,6.7609,4.04
2022-02-09,6.619,4.06
2022-02-10,4.8567,4.1
2022-02-11,4.3211,4.14
2022-02-12,4.352,4.21
2022-02-13,5.0716,4.27
2022-02-14,4.9426,4.33
2022-02-15,5.2491,4.41
2022-02-16,7.1147,4.46
2022-02-17,6.4388,4.48
2022-02-18,4.4538,4.53
2022-02-19,4.4886,4.59
2022-02-20,5.0119,4.62
2022-02-21,5.6315,4.68
2022-02-22,6.3418,4.8
2022-02-23,5.8794,4.91
2022-02-24,4.2578,4.98
2022-02-25,5.3435,5.06
2022-02-26,5.0887,5.15
2022-02-27,5.2668,5.21
2022-02-28,6.1731,5.26
2022-03-01,5.7223,5.34
2022-03-02,5.1905,5.41
2022-03-03,6.2955,5.48
2022-03-04,5.662,5.55
2022-03-05,4.9447,5.63
2022-03-06,4.843,5.74
2022-03-07,4.0553,5.85
2022-03-08,5.2242,5.95
2022-03-09,6.7459,6.06
2022-03-10,8.0746,6.16
2022-03-11,7.7249,6.22
2022-03-12,7.7425,6.3
2022-03-13,7.7807,6.39
2022-03-14,7.609,6.44
2022-03-15,8.1665,6.51
2022-03-16,7.0512,6.55
2022-03-17,7.4875,6.58
2022-03-18,8.3187,6.62
2022-03-19,8.4004,6.66
2022-03-20,7.627,6.71
2022-03-21,7.9454,6.81
2022-03-22,9.6519,6.91
2022-03-23,10.2611,7.04
2022-03-24,10.4387,7.21
2022-03-25,10.4089,7.37
2022-03-26,10.6918,7.5
2022-03-27,9.8395,7.63
2022-03-28,9.9805,9.9805
2022-03-29,8.812,8.812
2022-03-30,6.8824,6.8824
2022-03-31,5.1825,5.1825
2022-04-01,5.173,5.173
2022-04-02,5.5074,5.5074
2022-04-03,5.7793,5.7793
2022-04-04,7.7126,7.7126
2022-04-05,8.9776,8.9776
2022-04-06,8.993,8.993
2022-04-07,7.8606,8.52
2022-04-08,7.6536,7.6536
2022-04-09,7.332,7.332
2022-04-10,7.9229,8.85
2022-04-11,9.4802,8.94
2022-04-12,10.2607,9.05
2022-04-13,11.175,9.18
2022-04-14,11.6774,9.35
2022-04-15,12.624,9.52
2022-04-16,12.9724,9.71
2022-04-17,12.9584,9.89
2022-04-18,12.0013,10.03
2022-04-19,11.2919,10.14
2022-04-20,11.5632,10.25
2022-04-21,11.7961,10.37
2022-04-22,11.374,10.51
2022-04-23,11.5247,10.67
2022-04-24,11.7376,10.79
2022-04-25,10.8629,10.9
2022-04-26,10.6948,10.95
2022-04-27,9.8885,10.99
2022-04-28,9.9076,11.06
2022-04-29,10.1118,11.14
2022-04-30,11.0649,11.24
2022-05-01,11.073,11.36
2022-05-02,11.671,11.47
2022-05-03,11.7582,11.55
2022-05-04,12.0482,11.65
2022-05-05,13.077,11.76
2022-05-06,13.2338,11.87
2022-05-07,13.4524,12.0
2022-05-08,13.4236,12.13
2022-05-09,13.6706,12.23
2022-05-10,13.6777,12.32
2022-05-11,12.9757,12.42
2022-05-12,12.8584,12.51
2022-05-13,13.3433,12.59
2022-05-14,13.9366,12.68
2022-05-15,13.8841,12.77
2022-05-16,13.8842,12.86
2022-05-17,14.4306,12.95
2022-05-18,14.3745,13.06
2022-05-19,14.2505,13.18
2022-05-20,13.7647,13.31
2022-05-21,13.8286,13.43
2022-05-22,14.1488,13.54
2022-05-23,13.7186,13.63
2022-05-24,13.4765,13.68
2022-05-25,13.4278,13.71
2022-05-26,13.5545,13.74
2022-05-27,13.5238,13.79
2022-05-28,13.6214,13.85
2022-05-29,12.8934,13.92
2022-05-30,12.1802,13.99
2022-05-31,12.2077,14.08
2022-06-01,12.8956,14.15
2022-06-02,13.8205,14.21
2022-06-03,14.0169,14.25
2022-06-04,13.7279,14.31
2022-06-05,12.8507,14.34
2022-06-06,13.2571,14.35
2022-06-07,14.0511,14.38
2022-06-08,14.1396,14.42
2022-06-09,14.1566,14.45
2022-06-10,14.5254,14.51
2022-06-11,14.4522,14.59
2022-06-12,14.2389,14.66
2022-06-13,14.1419,14.72
2022-06-14,14.4392,14.79
2022-06-15,14.8315,14.84
2022-06-16,15.0689,14.88
2022-06-17,15.0783,14.91
2022-06-18,14.6215,14.93
2022-06-19,14.298,14.96
2022-06-20,14.5165,15.0
2022-06-21,14.8997,15.03
2022-06-22,15.1096,15.07
2022-06-23,15.1631,15.11
2022-06-24,14.9917,15.13
2022-06-25,14.6785,15.14
2022-06-26,14.5591,15.15
2022-06-27,14.3141,15.17
2022-06-28,14.3698,15.18
2022-06-29,14.464,15.19
2022-06-30,14.3337,15.22
2022-07-01,14.2931,15.24
2022-07-02,14.332,15.27
2022-07-03,14.3737,15.29
2022-07-04,14.4097,15.31
2022-07-05,14.5556,15.33
2022-07-06,14.7662,15.35
2022-07-07,15.0206,15.36
2022-07-08,15.1324,15.37
2022-07-09,15.1819,15.37
2022-07-10,15.2394,15.38
2022-07-11,15.2515,15.38
2022-07-12,15.2246,15.4
2022-07-13,15.1827,15.4
2022-07-14,15.1099,15.41
2022-07-15,15.0515,15.42
2022-07-16,15.1689,15.43
2022-07-17,15.2301,15.44
2022-07-18,15.2515,15.44
2022-07-19,15.2515,15.45
2022-07-20,,15.46
2022-07-21,,15.48
2022-07-22,15.1266,15.48
2022-07-23,15.1418,15.49
2022-07-24,15.1856,15.5
2022-07-25,15.0895,15.51
2022-07-26,14.9472,15.51
2022-07-27,14.9726,15.51
2022-07-28,15.0017,15.52
2022-07-29,,15.52
2022-07-30,,15.53
2022-07-31,,15.53
2022-08-01,15.1588,15.53
2022-08-02,15.2223,15.53
2022-08-03,15.1799,15.54
2022-08-04,15.1211,15.54
2022-08-05,14.877,15.54
2022-08-06,14.9248,15.54
2022-08-07,15.0773,15.54
2022-08-08,15.1875,15.53
2022-08-09,15.2515,15.52
2022-08-10,15.2515,15.52
2022-08-11,15.2515,15.52
2022-08-12,,15.52
2022-08-13,,15.52
2022-08-14,,15.52
2022-08-15,15.2497,15.51
2022-08-16,15.1816,15.49
2022-08-17,15.1273,15.47
2022-08-18,15.1334,15.45
2022-08-19,15.1046,15.44
2022-08-20,15.1122,15.42
2022-08-21,15.0934,15.42
2022-08-22,15.0514,15.41
2022-08-23,15.1799,15.4
2022-08-24,15.1808,15.38
2022-08-25,15.1031,15.36
2022-08-26,15.0901,15.34
2022-08-27,15.1281,15.32
2022-08-28,15.1606,15.29
2022-08-29,15.0672,15.26
2022-08-30,15.0035,15.23
2022-08-31,15.0721,15.2
2022-09-01,15.1147,15.17
2022-09-02,15.1476,15.15
2022-09-03,15.1708,15.12
2022-09-04,15.237,15.1
2022-09-05,15.2396,15.08
2022-09-06,15.0761,15.05
2022-09-07,14.9396,15.01
2022-09-08,14.6552,14.98
2022-09-09,14.6134,14.94
2022-09-10,14.6064,14.89
2022-09-11,14.6785,14.84
2022-09-12,14.9022,14.8
2022-09-13,14.5152,14.74
2022-09-14,14.3975,14.67
2022-09-15,14.093,14.61
2022-09-16,13.5016,14.53
2022-09-17,13.1553,14.46
2022-09-18,13.2643,14.39
2022-09-19,13.438,14.32
2022-09-20,13.826,14.25
2022-09-21,13.9721,14.19
2022-09-22,13.9001,14.12
2022-09-23,13.8222,14.04
2022-09-24,13.3191,13.97
2022-09-25,12.6706,13.87
2022-09-26,12.2577,13.77
2022-09-27,11.4521,13.65
2022-09-28,11.2837,13.52
2022-09-29,11.7313,13.37
2022-09-30,11.4211,13.22
2022-10-01,12.8235,12.73
2022-10-02,12.8499,12.62
2022-10-03,12.8637,12.53
2022-10-04,13.44,12.44
2022-10-05,12.8806,12.34
2022-10-06,13.047,12.23
2022-10-07,12.5848,12.12
2022-10-08,11.9709,12.02
2022-10-09,11.8585,11.9
2022-10-10,11.3812,11.79
2022-10-11,10.7941,11.67
2022-10-12,11.2471,11.52
2022-10-13,11.6218,11.36
2022-10-14,11.4898,11.2
2022-10-15,11.4264,11.05
2022-10-16,11.6817,10.92
2022-10-17,12.2764,10.82
2022-10-18,11.6817,10.7
2022-10-19,11.6987,10.58
2022-10-20,11.6813,10.48
2022-10-21,12.1701,10.36
2022-10-22,12.4816,10.22
2022-10-23,12.3734,10.11
2022-10-24,12.1042,10.0
2022-10-25,12.123,9.85
2022-10-26,12.8072,9.71
2022-10-27,13.0849,9.56
2022-10-28,13.0182,9.38
2022-10-29,12.9445,9.25
2022-10-30,12.2997,9.11
2022-10-31,12.0508,8.96
2022-11-01,10.671,8.83
2022-11-02,10.2274,8.73
2022-11-03,9.2893,8.6
2022-11-04,8.5257,8.48
2022-11-05,8.7002,8.37
2022-11-06,8.918,8.24
2022-11-07,9.8972,8.11
2022-11-08,9.8379,7.96
2022-11-09,9.7892,7.83
2022-11-10,10.5673,7.73
2022-11-11,11.1917,7.63
2022-11-12,10.782,7.53
2022-11-13,10.2915,7.46
2022-11-14,9.6234,7.34
2022-11-15,8.753,7.18
2022-11-16,8.1147,7.01
2022-11-17,7.4188,6.86
2022-11-18,7.6339,6.68
2022-11-19,7.1016,6.52
2022-11-20,6.5334,6.44
2022-11-21,5.1824,6.35
2022-11-22,6.0316,6.24
2022-11-23,6.4357,6.17
2022-11-24,6.7352,6.13
2022-11-25,7.4191,6.06
2022-11-26,7.85,6.02
2022-11-27,8.1354,5.94
2022-11-28,7.0542,5.82
2022-11-29,5.5166,5.66
2022-11-30,5.19,5.51
2022-12-01,4.6792,5.38
2022-12-02,4.3309,5.31
2022-12-03,4.2973,5.27
2022-12-04,3.6325,5.25
2022-12-05,4.2772,5.23
2022-12-06,3.8513,5.22
2022-12-07,2.6627,5.2
2022-12-08,1.4984,5.16
2022-12-09,0.782,5.1
2022-12-10,0.7623,5.02
2022-12-11,-0.0319,4.93
2022-12-12,-0.5477,4.83
2022-12-13,-0.6301,4.73
2022-12-14,-1.0504,4.66
2022-12-15,-1.0498,4.62
2022-12-16,-0.8481,4.61
2022-12-17,-0.0359,4.56
2022-12-18,0.8756,4.51
2022-12-19,5.6684,4.47
2022-12-20,6.0095,4.49
2022-12-21,5.883,4.45
2022-12-22,6.0677,4.45
2022-12-23,5.9849,4.45
2022-12-24,6.3045,4.42
2022-12-25,6.4761,4.32
2022-12-26,4.7763,4.25
2022-12-27,4.814,4.15
2022-12-28,5.6944,4.08
2022-12-29,5.3943,4.06
2022-12-30,6.3546,4.06
2022-12-31,6.993,4.06
2023-01-01,6.646,4.08
2023-01-02,5.1777,4.1
2023-01-03,5.6963,4.07
2023-01-04,7.4639,4.05
2023-01-05,7.6213,4.03
2023-01-06,7.1082,4.02
2023-01-07,6.7062,4.0
2023-01-08,5.4244,3.97
2023-01-09,4.9488,3.92
2023-01-10,5.7719,3.86
2023-01-11,5.6691,3.8
2023-01-12,6.2291,3.73
2023-01-13,5.8018,3.71
2023-01-14,5.2762,3.7
2023-01-15,4.3402,3.7
2023-01-16,2.3922,3.7
2023-01-17,0.847,3.7
2023-01-18,1.0196,3.67
2023-01-19,1.1561,3.65
2023-01-20,1.8223,3.68
2023-01-21,1.2685,3.71
2023-01-22,0.8487,3.78
2023-01-23,1.6534,3.85
2023-01-24,2.171,3.91
2023-01-25,2.2994,3.95
2023-01-26,3.2093,4.0
2023-01-27,3.4613,4.01
2023-01-28,3.7376,4.02
2023-01-29,4.1799,4.02
2023-01-30,4.7375,4.02
2023-01-31,4.9294,4.02
2023-02-01,5.4497,4.05
2023-02-02,6.4552,4.07
2023-02-03,7.264,4.09
2023-02-04,6.5788,4.08
2023-02-05,5.078,4.07
2023-02-06,4.4652,4.06
2023-02-07,3.9112,4.03
2023-02-08,3.299,4.01
2023-02-09,3.9709,4.01
2023-02-10,4.4762,4.0
2023-02-11,5.9891,4.0
2023-02-12,5.7261,4.05
2023-02-13,5.6383,4.1
2023-02-14,5.2122,4.17
2023-02-15,5.8937,4.27
2023-02-16,6.857,4.34
2023-02-17,7.9603,4.38
2023-02-18,7.9869,4.43
2023-02-19,7.6356,4.5
2023-02-20,7.9636,4.52
2023-02-21,7.2237,4.57
2023-02-22,6.2357,4.65
2023-02-23,5.2979,4.72
2023-02-24,5.3624,4.76
2023-02-25,4.3299,4.81
2023-02-26,4.1359,4.87
2023-02-27,4.1643,5.03
2023-02-28,4.3354,5.06
2023-03-01,4.7185,5.19
2023-03-02,4.8114,5.27
2023-03-03,4.591,5.24
2023-03-04,4.5119,5.33
2023-03-05,4.1302,5.42
2023-03-06,4.3371,5.53
2023-03-07,3.6134,5.64
2023-03-08,2.1014,5.71
2023-03-09,2.7251,5.8
2023-03-10,2.9351,5.88
2023-03-11,3.3529,5.94
2023-03-12,6.2655,6.0
2023-03-13,7.3534,6.08
2023-03-14,5.684,6.15
2023-03-15,5.0442,6.2
2023-03-16,7.3662,6.24
2023-03-17,8.8728,6.32
2023-03-18,8.8906,6.41
2023-03-19,8.2248,6.5
2023-03-20,8.5924,6.61
2023-03-21,9.1668,6.74
2023-03-22,9.4284,6.83
2023-03-23,9.1798,6.93
2023-03-24,8.8096,7.04
2023-03-25,8.8165,7.16
2023-03-26,7.586,7.28
2023-03-27,7.3345,7.42
2023-03-28,6.8985,7.55
2023-03-29,8.7731,7.68
2023-03-30,10.0077,7.79
2023-03-31,9.3756,7.91
2023-04-01,8.8603,8.02
2023-04-02,8.2508,8.08
2023-04-03,7.7256,8.14
2023-04-04,8.1911,8.23
2023-04-05,8.2646,8.33
2023-04-06,8.8376,8.44
2023-04-07,9.4113,8.59
2023-04-08,9.5699,8.73
2023-04-09,9.7981,8.84
2023-04-10,9.7204,8.93
2023-04-11,8.7714,9.01
2023-04-12,7.5272,9.1
2023-04-13,8.2754,9.19
2023-04-14,7.9507,9.32
2023-04-15,9.291,9.42
2023-04-16,10.2258,9.53
2023-04-17,10.9023,9.61
2023-04-18,10.2367,9.68
2023-04-19,10.4125,9.77
2023-04-20,10.2878,9.85
2023-04-21,9.5806,9.97
2023-04-22,9.968,10.11
2023-04-23,9.8459,10.24
2023-04-24,9.0752,10.34
2023-04-25,8.889,10.43
2023-04-26,9.0209,10.46
2023-04-27,9.3376,10.5
2023-04-28,10.9612,10.59
2023-04-29,11.7346,10.7
2023-04-30,11.8774,10.83
2023-05-01,12.3676,10.98
2023-05-02,11.861,11.12
2023-05-03,11.799,11.22
2023-05-04,12.0322,11.33
2023-05-05,13.0351,11.45
2023-05-06,12.9059,11.55
2023-05-07,13.6708,11.66
2023-05-08,13.0652,11.77
2023-05-09,13.3694,11.84
2023-05-10,13.0669,11.91
2023-05-11,13.1389,12.0
2023-05-12,12.317,12.07
2023-05-13,12.3662,12.13
2023-05-14,12.949,12.2
2023-05-15,12.5647,12.26
2023-05-16,12.6099,12.31
2023-05-17,13.2035,12.38
2023-05-18,13.7085,12.46
2023-05-19,13.6303,12.57
2023-05-20,13.772,12.71
2023-05-21,13.9423,12.84
2023-05-22,13.9704,12.97
2023-05-23,13.837,13.08
2023-05-24,14.0749,13.17
2023-05-25,14.1393,13.23
2023-05-26,14.1721,13.28
2023-05-27,14.2455,13.34
2023-05-28,14.1997,13.41
2023-05-29,13.9507,13.48
2023-05-30,13.7162,13.54
2023-05-31,13.3691,13.63
2023-06-01,13.3422,13.7
2023-06-02,13.6445,13.77
2023-06-03,14.0552,13.82
2023-06-04,14.2058,13.88
2023-06-05,13.9619,13.92
2023-06-06,13.4283,13.95
2023-06-07,13.7145,13.96
2023-06-08,13.9242,13.99
2023-06-09,14.4957,14.01
2023-06-10,15.0947,14.04
2023-06-11,15.2118,14.09
2023-06-12,15.2649,14.15
2023-06-13,15.2754,14.2
2023-06-14,15.2754,14.25
2023-06-15,,14.29
2023-06-16,15.2754,14.32
2023-06-17,15.2754,14.35
2023-06-18,15.2586,14.38
2023-06-19,15.2754,14.41
2023-06-20,15.1454,14.44
2023-06-21,15.2347,14.47
2023-06-22,15.249,14.5
2023-06-23,15.2187,14.52
2023-06-24,15.2754,14.54
2023-06-25,15.2573,14.54
2023-06-26,15.2236,14.54
2023-06-27,15.0561,14.55
2023-06-28,15.1054,14.56
2023-06-29,15.0081,14.58
2023-06-30,14.5944,14.6
2023-07-01,14.6629,14.64
2023-07-02,14.4569,14.67
2023-07-03,14.282,14.7
2023-07-04,14.1301,14.73
2023-07-05,14.2118,14.76
2023-07-06,14.5366,14.78
2023-07-07,15.2101,14.8
2023-07-08,15.2318,14.82
2023-07-09,15.2281,14.83
2023-07-10,15.0788,14.84
2023-07-11,15.001,14.86
2023-07-12,14.9121,14.87
2023-07-13,14.88,14.87
2023-07-14,14.5117,14.89
2023-07-15,14.7685,14.9
2023-07-16,14.6385,14.91
2023-07-17,14.7062,14.92
2023-07-18,14.6087,14.93
2023-07-19,14.8361,14.94
2023-07-20,14.7697,14.95
2023-07-21,14.6348,14.95
2023-07-22,14.3378,14.96
2023-07-23,14.7667,14.98
2023-07-24,14.4641,14.99
2023-07-25,14.4408,15.0
2023-07-26,14.5627,15.01
2023-07-27,14.9707,15.01
2023-07-28,15.1408,15.01
2023-07-29,15.1114,15.01
2023-07-30,14.8711,15.0
2023-07-31,14.7352,15.0
2023-08-01,14.8364,15.0
2023-08-02,14.7321,15.01
2023-08-03,14.8389,15.01
2023-08-04,14.6418,15.02
2023-08-05,14.0876,15.02
2023-08-06,14.2597,15.02
2023-08-07,14.4339,15.01
2023-08-08,14.3525,15.0
2023-08-09,14.9349,15.0
2023-08-10,15.2473,15.0
2023-08-11,15.2704,15.0
2023-08-12,15.2281,15.0
2023-08-13,15.1761,15.0
2023-08-14,15.0203,15.0
2023-08-15,15.1451,15.0
2023-08-16,15.2155,14.98
2023-08-17,,14.95
2023-08-18,15.1678,14.93
2023-08-19,15.2519,14.9
2023-08-20,15.2536,14.88
2023-08-21,15.2501,14.87
2023-08-22,15.2385,14.86
2023-08-23,15.1988,14.84
2023-08-24,15.0705,14.81
2023-08-25,14.7163,14.79
2023-08-26,14.4341,14.77
2023-08-27,14.2832,14.75
2023-08-28,14.3792,14.74
2023-08-29,14.3008,14.72
2023-08-30,14.2465,14.7
2023-08-31,14.1265,14.69
2023-09-01,14.5613,14.67
2023-09-02,14.9442,14.65
2023-09-03,15.1965,14.64
2023-09-04,15.253,14.61
2023-09-05,15.2559,14.58
2023-09-06,16.51,14.54
2023-09-07,16.51,14.5
2023-09-08,16.51,14.46
2023-09-09,16.51,14.42
2023-09-10,15.2754,14.37
2023-09-11,15.2369,14.32
2023-09-12,14.9055,14.27
2023-09-13,14.6077,14.2
2023-09-14,14.5775,14.13
2023-09-15,14.6484,14.06
2023-09-16,14.5779,13.99
2023-09-17,14.6073,13.92
2023-09-18,14.2836,13.87
2023-09-19,14.1961,13.81
2023-09-20,14.119,13.76
2023-09-21,13.7644,13.7
2023-09-22,13.1584,13.64
2023-09-23,13.1368,13.58
2023-09-24,13.9942,13.53
2023-09-25,14.2693,13.45
2023-09-26,14.2254,13.37
2023-09-27,14.0963,13.26
2023-09-28,14.0544,13.13
2023-09-29,14.0102,12.99
2023-09-30,13.7037,12.86
2023-10-01,14.1993,12.73
2023-10-02,13.9032,12.62
2023-10-03,13.4423,12.53
2023-10-04,13.3468,12.44
2023-10-05,13.4972,12.34
2023-10-06,14.0153,12.23
2023-10-07,14.1086,12.12
2023-10-08,14.1793,12.02
2023-10-09,14.2815,11.9
2023-10-10,14.2222,11.79
2023-10-11,13.5327,11.67
2023-10-12,12.7503,11.52
2023-10-13,12.3167,11.36
2023-10-14,10.5542,11.2
2023-10-15,9.0677,11.05
2023-10-16,8.6246,10.92
2023-10-17,9.4562,10.82
2023-10-18,10.3968,10.7
2023-10-19,12.1366,10.58
2023-10-20,11.2521,10.48
2023-10-21,10.6432,10.36
2023-10-22,10.219,10.22
2023-10-23,10.146,10.11
2023-10-24,9.9983,10.0
2023-10-25,9.6157,9.85
2023-10-26,9.8352,9.71
2023-10-27,9.6391,9.56
2023-10-28,9.9508,9.38
2023-10-29,9.6987,9.25
2023-10-30,9.5197,9.11
2023-10-31,9.4752,8.96
2023-11-01,9.4196,8.83
2023-11-02,8.3993,8.73
2023-11-03,8.6117,8.6
2023-11-04,8.0908,8.48
2023-11-05,8.2855,8.37
2023-11-06,8.1938,8.24
2023-11-07,7.9476,8.11
2023-11-08,7.7216,7.96
2023-11-09,7.2102,7.83
2023-11-10,6.6864,7.73
2023-11-11,6.4169,7.63
2023-11-12,6.2576,7.53
2023-11-13,8.1893,7.46
2023-11-14,8.2148,7.34
2023-11-15,7.7793,7.18
2023-11-16,6.6395,7.01
2023-11-17,6.7905,6.86
2023-11-18,8.3195,6.68
2023-11-19,8.9441,6.52
2023-11-20,8.6284,6.44
2023-11-21,7.6712,6.35
2023-11-22,7.6405,6.24
2023-11-23,8.3171,6.17
2023-11-24,6.1878,6.13
2023-11-25,4.3789,6.06
2023-11-26,4.1021,6.02
2023-11-27,4.4059,5.94
2023-11-28,4.3531,5.82
2023-11-29,3.1125,5.66
2023-11-30,1.7389,5.51
2023-12-01,1.0149,5.38
2023-12-02,0.0209,5.31
2023-12-03,1.8214,5.27
2023-12-04,2.9814,5.25
2023-12-05,3.4826,5.23
2023-12-06,2.7629,5.22
2023-12-07,3.3956,5.2
2023-12-08,5.4443,5.16
2023-12-09,6.0426,5.1
2023-12-10,6.4206,5.02
2023-12-11,6.8333,4.93
2023-12-12,6.5812,4.83
2023-12-13,5.1371,4.73
2023-12-14,5.3508,4.66
2023-12-15,5.7692,4.62
2023-12-16,6.8136,4.61
2023-12-17,7.2318,4.56
2023-12-18,7.9074,4.51
2023-12-19,6.6631,4.47
2023-12-20,6.6792,4.49
2023-12-21,7.3662,4.45
2023-12-22,7.266,4.45
2023-12-23,7.6773,4.45
2023-12-24,8.4471,4.42
2023-12-25,7.8568,4.32
2023-12-26,6.3755,4.25
2023-12-27,6.1188,4.15
2023-12-28,6.7703,4.08
2023-12-29,6.0095,4.06
2023-12-30,5.869,4.06
2023-12-31,5.3802,4.06
2024-01-01,5.5332,4.08
2024-01-02,6.2465,4.1
2024-01-03,6.414,4.07
2024-01-04,5.447,4.05
2024-01-05,5.0246,4.03
2024-01-06,4.2932,4.02
2024-01-07,2.9438,4.0
2024-01-08,1.4106,3.97
2024-01-09,1.197,3.92
2024-01-10,5.7719,3.86
2024-01-11,2.5887,3.8
2024-01-12,2.7241,3.73
2024-01-13,2.9802,3.71
2024-01-14,2.6383,3.7
2024-01-15,1.1399,3.7
2024-01-16,1.0375,3.7
2024-01-17,0.1314,3.7
2024-01-18,0.3595,3.67
2024-01-19,0.4852,3.65
2024-01-20,1.635,3.68
2024-01-21,4.7879,3.71
2024-01-22,5.2099,3.78
2024-01-23,6.0478,3.85
2024-01-24,6.5581,3.91
2024-01-25,7.1412,3.95
2024-01-26,5.9225,4.0
2024-01-27,5.2037,4.01
2024-01-28,5.9962,4.02
2024-01-29,6.7069,4.02
2024-01-30,5.6219,4.02
2024-01-31,5.4152,4.02
2024-02-01,5.249,4.05
2024-02-02,6.6822,4.07
2024-02-03,7.3789,4.09
2024-02-04,7.6381,4.08
2024-02-05,7.5073,4.07
2024-02-06,7.4136,4.06
2024-02-07,5.5342,4.03
2024-02-08,4.1081,4.01
2024-02-09,5.9663,4.01
2024-02-10,6.3779,4.0
2024-02-11,5.7011,4.0
2024-02-12,5.2747,4.05
2024-02-13,5.8386,4.1
2024-02-14,7.6003,4.17
2024-02-15,9.005,4.27
2024-02-16,8.5309,4.34
2024-02-17,8.4708,4.38
2024-02-18,8.8705,4.43
2024-02-19,8.126,4.5
2024-02-20,7.7292,4.52
2024-02-21,7.3766,4.57
2024-02-22,5.7771,4.65
2024-02-23,5.2027,4.72
2024-02-24,4.817,4.76
2024-02-25,3.8886,4.81
2024-02-26,4.3615,4.87
2024-02-27,4.7968,5.03
2024-02-28,5.9408,5.06
2024-02-29,6.0377,5.11
2024-03-01,4.6724,5.19
2024-03-02,4.4576,5.27
2024-03-03,4.8623,5.24
2024-03-04,4.9,5.33
2024-03-05,5.9921,5.42
2024-03-06,5.8829,5.53
2024-03-07,5.5849,5.64
2024-03-08,5.4736,5.71
2024-03-09,6.4171,5.8
2024-03-10,6.3148,5.88
2024-03-11,6.4599,5.94
2024-03-12,7.7966,6.0
2024-03-13,8.6518,6.08
2024-03-14,9.2749,6.15
2024-03-15,9.1586,6.2
2024-03-16,8.4316,6.24
2024-03-17,9.4505,6.32
2024-03-18,9.6274,6.41
2024-03-19,9.9047,6.5
2024-03-20,10.0239,6.61
2024-03-21,9.5531,6.74
2024-03-22,8.4552,6.83
2024-03-23,7.0587,6.93
2024-03-24,7.8755,7.04
2024-03-25,7.5868,7.16
2024-03-26,8.0497,7.28
2024-03-27,7.0466,7.42
2024-03-28,6.9788,7.55
2024-03-29,8.1884,7.68
2024-03-30,8.8947,7.79
2024-03-31,8.552,7.91
2024-04-01,8.8365,8.02
2024-04-02,9.1286,8.08
2024-04-03,9.2456,8.14
2024-04-04,9.8623,8.23
2024-04-05,11.0062,8.33
2024-04-06,12.133,8.44
2024-04-07,11.5096,8.59
2024-04-08,11.313,8.73
2024-04-09,9.3211,8.84
2024-04-10,9.6947,8.93
2024-04-11,11.8303,9.01
2024-04-12,12.442,9.1
2024-04-13,11.9941,9.19
2024-04-14,10.8773,9.32
2024-04-15,9.1138,9.42
2024-04-16,9.4873,9.53
2024-04-17,8.8417,9.61
2024-04-18,8.9999,9.68
2024-04-19,9.6394,9.77
2024-04-20,9.5165,9.85
2024-04-21,9.3938,9.97
2024-04-22,8.9217,10.11
2024-04-23,9.0839,10.24
2024-04-24,8.8409,10.34
2024-04-25,8.5176,10.43
2024-04-26,8.7752,10.46
2024-04-27,8.5252,10.5
2024-04-28,8.8091,10.59
2024-04-29,10.2634,10.7
2024-04-30,11.9414,10.83
2024-05-01,12.6845,10.98
2024-05-02,12.5251,11.12
2024-05-03,11.7569,11.22
2024-05-04,12.2932,11.33
2024-05-05,12.7952,11.45
2024-05-06,12.9786,11.55
2024-05-07,13.5608,11.66
2024-05-08,,11.77
2024-05-09,14.2777,11.84
2024-05-10,14.711,11.91
2024-05-11,14.7132,12.0
2024-05-12,14.9217,12.07
2024-05-13,14.413,12.13
2024-05-14,14.1254,12.2
2024-05-15,14.1878,12.26
2024-05-16,13.9255,12.31
2024-05-17,14.3243,12.38
2024-05-18,14.3647,12.46
2024-05-19,14.4751,12.57
2024-05-20,14.1683,12.71
2024-05-21,13.8692,12.84
2024-05-22,13.4347,12.97
2024-05-23,13.0313,13.08
2024-05-24,13.3103,13.17
2024-05-25,13.8631,13.23
2024-05-26,13.752,13.28
2024-05-27,13.7096,13.34
2024-05-28,13.6636,13.41
2024-05-29,13.9095,13.48
2024-05-30,13.7906,13.54
2024-05-31,13.6189,13.63
2024-06-01,13.692,13.7
2024-06-02,14.2374,13.77
2024-06-03,14.2818,13.82
2024-06-04,13.8257,13.88
2024-06-05,13.3539,13.92
2024-06-06,13.4577,13.95
2024-06-07,13.6049,13.96
2024-06-08,13.5252,13.99
2024-06-09,13.2976,14.01
2024-06-10,12.9535,14.04
2024-06-11,12.8009,14.09
2024-06-12,12.9351,14.15
2024-06-13,12.6866,14.2
2024-06-14,13.5344,14.25
2024-06-15,13.2228,14.29
2024-06-16,13.7973,14.32
2024-06-17,14.1693,14.35
2024-06-18,14.1745,14.38
2024-06-19,14.3066,14.41
2024-06-20,14.6544,14.44
2024-06-21,14.79,14.47
2024-06-22,14.7656,14.5
2024-06-23,15.0568,14.52
2024-06-24,15.1846,14.54
2024-06-25,15.2073,14.54
2024-06-26,15.2266,14.54
2024-06-27,15.1351,14.55
2024-06-28,14.7849,14.56
2024-06-29,14.7772,14.58
2024-06-30,14.3463,14.6
2024-07-01,14.1997,14.64
2024-07-02,14.1477,14.67
2024-07-03,14.0255,14.7
2024-07-04,14.0715,14.73
2024-07-05,14.2119,14.76
2024-07-06,13.9041,14.78
2024-07-07,13.9323,14.8
2024-07-08,14.1714,14.82
2024-07-09,14.3746,14.83
2024-07-10,14.5282,14.84
2024-07-11,14.4554,14.86
2024-07-12,14.2966,14.87
2024-07-13,14.2529,14.87
2024-07-14,14.4384,14.89
2024-07-15,14.5811,14.9
2024-07-16,14.6387,14.91
2024-07-17,15.038,14.92
2024-07-18,15.2024,14.93
2024-07-19,15.2428,14.94
2024-07-20,15.205,14.95
2024-07-21,15.1633,14.95
2024-07-22,15.181,14.96
2024-07-23,15.203,14.98
2024-07-24,15.1313,14.99
2024-07-25,,15.0
2024-07-26,15.0633,15.01
2024-07-27,14.9531,15.01
2024-07-28,15.182,15.01
2024-07-29,15.2399,15.01
2024-07-30,15.2247,15.0
2024-07-31,15.2261,15.0
2024-08-01,15.2464,15.0
2024-08-02,15.2334,15.01
2024-08-03,15.2025,15.01
2024-08-04,15.1188,15.02
2024-08-05,,15.02
2024-08-06,15.2023,15.02
2024-08-07,15.0378,15.01
2024-08-08,15.0472,15.0
2024-08-09,15.1811,15.0
2024-08-10,15.1875,15.0
2024-08-11,15.2428,15.0
2024-08-12,15.2421,15.0
2024-08-13,15.2085,15.0
2024-08-14,15.1674,15.0
2024-08-15,15.0228,15.0
2024-08-16,14.9804,14.98
2024-08-17,14.8667,14.95
2024-08-18,14.8811,14.93
2024-08-19,14.7137,14.9
2024-08-20,14.8137,14.88
2024-08-21,14.6465,14.87
2024-08-22,14.7109,14.86
2024-08-23,14.814,14.84
2024-08-24,14.3661,14.81
2024-08-25,14.2708,14.79
2024-08-26,14.6922,14.77
2024-08-27,14.9506,14.75
2024-08-28,15.067,14.74
2024-08-29,14.8631,14.72
2024-08-30,14.7972,14.7
2024-08-31,14.6746,14.69
2024-09-01,14.9505,14.67
2024-09-02,14.9906,14.65
2024-09-03,14.8079,14.64
2024-09-04,14.4398,14.61
2024-09-05,14.3406,14.58
2024-09-06,14.7409,14.54
2024-09-07,14.7516,14.5
2024-09-08,14.7044,14.46
2024-09-09,14.1992,14.42
2024-09-10,13.7532,14.37
2024-09-11,12.669,14.32
2024-09-12,11.8951,14.27
2024-09-13,12.102,14.2
2024-09-14,13.2336,14.13
2024-09-15,13.5289,14.06
2024-09-16,13.9011,13.99
2024-09-17,14.0511,13.92
2024-09-18,14.3267,13.87
2024-09-19,14.4569,13.81
2024-09-20,14.3673,13.76
2024-09-21,14.5053,13.7
2024-09-22,14.1188,13.64
2024-09-23,13.7312,13.58
2024-09-24,13.3854,13.53
2024-09-25,12.843,13.45
2024-09-26,12.6318,13.37
2024-09-27,11.3566,13.26
2024-09-28,11.1668,13.13
2024-09-29,10.7647,12.99
2024-09-30,11.4992,
2024-10-01,11.5199,12.73
2024-10-02,11.9222,12.62
2024-10-03,11.6507,12.53
2024-10-04,11.4976,12.44
2024-10-05,11.8309,12.34
2024-10-06,11.7769,12.23
2024-10-07,12.8208,12.12
2024-10-08,12.6408,12.02
2024-10-09,12.0758,11.9
2024-10-10,10.296,11.79
2024-10-11,9.5749,11.67
2024-10-12,9.3804,11.52
2024-10-13,8.7865,11.36
2024-10-14,9.2379,11.2
2024-10-15,10.5904,11.05
2024-10-16,12.3402,10.92
2024-10-17,12.6765,10.82
2024-10-18,11.8834,10.7
2024-10-19,12.0631,10.58
2024-10-20,11.888,10.48
2024-10-21,11.3834,10.36
2024-10-22,11.3375,10.22
2024-10-23,11.1786,10.11
2024-10-24,11.495,10.0
2024-10-25,11.4579,9.85
2024-10-26,10.8608,9.71
2024-10-27,10.3176,9.56
2024-10-28,11.1612,9.38
2024-10-29,11.3661,9.25
2024-10-30,10.8175,9.11
2024-10-31,10.4797,8.96
2024-11-01,10.3056,8.83
2024-11-02,10.3601,8.73
2024-11-03,9.7377,8.6
2024-11-04,9.393,8.48
2024-11-05,9.1674,8.37
2024-11-06,9.2791,8.24
2024-11-07,8.8996,8.11
2024-11-08,8.1388,7.96
2024-11-09,7.4821,7.83
2024-11-10,8.3112,7.73
2024-11-11,7.9674,7.63
2024-11-12,7.5195,7.53
2024-11-13,7.7693,7.46
2024-11-14,8.0096,7.34
2024-11-15,7.4087,7.18
2024-11-16,7.2406,7.01
2024-11-17,6.7801,6.86
2024-11-18,5.5885,6.68
2024-11-19,3.3825,6.52
2024-11-20,2.5972,6.44
2024-11-21,1.6673,6.35
2024-11-22,2.5013,6.24
2024-11-23,5.0305,6.17
2024-11-24,7.8347,6.13
2024-11-25,7.366,6.06
2024-11-26,6.4486,6.02
2024-11-27,4.6316,5.94
2024-11-28,3.8356,5.82
2024-11-29,5.2571,5.66
2024-11-30,7.8298,5.51
2024-12-01,8.5977,5.38
2024-12-02,6.9796,5.31
2024-12-03,5.4437,5.27
2024-12-04,5.3434,5.25
2024-12-05,6.957,5.23
2024-12-06,6.2934,5.22
2024-12-07,4.4677,5.2
2024-12-08,4.8395,5.16
2024-12-09,4.9807,5.1
2024-12-10,4.4761,5.02
2024-12-11,4.3632,4.93
2024-12-12,4.6702,4.83
2024-12-13,4.306,4.73
2024-12-14,4.6564,4.66
2024-12-15,6.5096,4.62
2024-12-16,7.1071,4.61
2024-12-17,6.6421,4.56
2024-12-18,7.777,4.51
2024-12-19,5.4486,4.47
2024-12-20,5.1815,4.49
2024-12-21,5.4027,4.45
2024-12-22,4.0442,4.45
2024-12-23,6.6734,4.45
2024-12-24,6.6734,4.42
2024-12-25,6.7436,4.32
2024-12-26,5.7846,4.25
2024-12-27,4.7458,4.15
2024-12-28,4.2615,4.08
2024-12-29,4.8025,4.06
2024-12-30,5.6353,4.06
2024-12-31,6.385,4.06
2025-01-01,5.0501,4.08
2025-01-02,3.1823,4.1
2025-01-03,2.1725,4.07
2025-01-04,1.2184,4.05
2025-01-05,3.0135,4.03
2025-01-06,2.309,4.02
2025-01-07,1.8692,4.0
2025-01-08,0.8724,3.97
2025-01-09,0.4267,3.92
2025-01-10,0.0474,3.86
2025-01-11,0.2934,3.8
2025-01-12,0.9694,3.73
2025-01-13,2.4358,3.71
2025-01-14,4.8522,3.7
2025-01-15,5.488,3.7
2025-01-16,4.9064,3.7
2025-01-17,4.5665,3.7
2025-01-18,2.9977,3.67
2025-01-19,2.1354,3.65
2025-01-20,3.116,3.68
2025-01-21,3.296,3.71
2025-01-22,3.0454,3.78
2025-01-23,3.0484,3.85
2025-01-24,4.5518,3.91
2025-01-25,4.0072,3.95
2025-01-26,3.1929,4.0
2025-01-27,,4.01
2025-01-28,4.9896,4.02
2025-01-29,4.6983,4.02
2025-01-30,,4.02
2025-01-31,4.5584,4.02
2025-02-01,3.7899,4.05
2025-02-02,4.2305,4.07
2025-02-03,4.8042,4.09
2025-02-04,5.256,4.08
2025-02-05,4.9951,4.07
2025-02-06,4.0208,4.06
2025-02-07,2.333,4.03
2025-02-08,2.811,4.01
2025-02-09,2.9795,4.01
2025-02-10,2.4061,4.0
2025-02-11,2.9193,4.0
2025-02-12,3.2548,4.05
2025-02-13,,4.1
2025-02-14,2.5396,4.17
2025-02-15,2.7327,4.27
2025-02-16,2.2676,4.34
2025-02-17,2.1545,4.38
2025-02-18,2.3792,4.43
2025-02-19,3.4955,4.5
2025-02-20,6.5591,4.52
2025-02-21,8.0654,4.57
2025-02-22,8.0189,4.65
2025-02-23,7.2935,4.72
2025-02-24,7.8815,4.76
2025-02-25,6.8069,4.81
2025-02-26,5.6394,4.87
2025-02-27,5.6368,5.03
2025-02-28,5.4182,5.06
2025-03-01,5.1109,5.19
2025-03-02,5.1922,5.27
2025-03-03,5.692,5.24
2025-03-04,5.8608,5.33
2025-03-05,6.2945,5.42
2025-03-06,7.924,5.53
2025-03-07,8.8783,5.64
2025-03-08,9.6519,5.71
2025-03-09,9.773,5.8
2025-03-10,8.3016,5.88
2025-03-11,6.7297,5.94
2025-03-12,5.5874,6.0
2025-03-13,4.9936,6.08
2025-03-14,5.1638,6.15
2025-03-15,5.0087,6.2
2025-03-16,5.3991,6.24
2025-03-17,5.0855,6.32
2025-03-18,5.7428,6.41
2025-03-19,7.3318,6.5
2025-03-20,9.3217,6.61
2025-03-21,9.979,6.74
2025-03-22,10.4468,6.83
2025-03-23,9.3453,6.93
2025-03-24,8.9509,7.04
2025-03-25,9.1887,7.16
2025-03-26,9.7118,7.28
2025-03-27,9.6713,7.42
2025-03-28,8.8966,7.55
2025-03-29,8.8329,7.68
2025-03-30,9.8773,7.79
2025-03-31,10.2828,7.91
2025-04-01,9.7296,8.02
2025-04-02,10.0979,8.08
2025-04-03,,8.14
2025-04-04,11.592,8.23
2025-04-05,10.7762,8.33
2025-04-06,10.3795,8.44
2025-04-07,10.0133,8.59
2025-04-08,10.0636,8.73
2025-04-09,9.5904,8.84
2025-04-10,10.3084,8.93
2025-04-11,11.7435,9.01
2025-04-12,12.4965,9.1
2025-04-13,11.214,9.19
2025-04-14,10.8898,9.32
2025-04-15,10.8518,9.42
2025-04-16,9.9067,9.53
2025-04-17,10.7623,9.61
2025-04-18,10.5894,9.68
2025-04-19,10.8416,9.77
2025-04-20,10.7288,9.85
2025-04-21,10.5757,9.97
2025-04-22,11.2609,10.11
2025-04-23,10.8886,10.24
2025-04-24,11.1169,10.34
2025-04-25,11.179,10.43
2025-04-26,11.9284,10.46
2025-04-27,13.0616,10.5
2025-04-28,13.7629,10.59
2025-04-29,14.1964,10.7
2025-04-30,14.5461,10.83
2025-05-01,14.7577,10.98
2025-05-02,14.3941,11.12
2025-05-03,13.7189,11.22
2025-05-04,12.0643,11.33
2025-05-05,10.9294,11.45
2025-05-06,11.2569,11.55
2025-05-07,11.7885,11.66
2025-05-08,11.7135,11.77
2025-05-09,12.7022,11.84
2025-05-10,13.8109,11.91
2025-05-11,14.3575,12.0
2025-05-12,14.6388,12.07
2025-05-13,14.6895,12.13
2025-05-14,14.3123,12.2
2025-05-15,13.5583,12.26
2025-05-16,13.8858,12.31
2025-05-17,13.8737,12.38
2025-05-18,13.6238,12.46
2025-05-19,13.6722,12.57
2025-05-20,14.1156,12.71
2025-05-21,13.9494,12.84
2025-05-22,13.3286,12.97
2025-05-23,13.759,13.08
2025-05-24,14.1115,13.17
2025-05-25,13.9291,13.23
2025-05-26,13.6057,13.28
2025-05-27,13.5265,13.34
2025-05-28,14.0365,13.41
2025-05-29,14.4899,13.48
2025-05-30,14.7638,13.54
2025-05-31,14.8329,13.63
2025-06-01,14.4346,13.7
2025-06-02,14.2859,13.77
2025-06-03,13.8379,13.82
2025-06-04,13.7621,13.88
2025-06-05,13.5135,13.92
2025-06-06,13.7219,13.95
2025-06-07,13.2063,13.96
2025-06-08,13.4597,13.99
2025-06-09,13.801,14.01
2025-06-10,14.2487,14.04
2025-06-11,,14.09
2025-06-12,,14.15
2025-06-13,15.1849,14.2
2025-06-14,15.0619,14.25
2025-06-15,14.9642,14.29
2025-06-16,15.114,14.32
2025-06-17,15.1343,14.35
2025-06-18,15.1433,14.38
2025-06-19,15.2329,14.41
2025-06-20,15.2754,14.44
2025-06-21,15.2754,14.47
2025-06-22,15.2312,14.5
2025-06-23,15.0291,14.52
2025-06-24,15.0807,14.54
2025-06-25,15.1513,14.54
2025-06-26,15.1513,14.54
2025-06-27,,14.55
2025-06-28,,14.56
2025-06-29,,14.58
2025-06-30,15.2457,14.6
2025-07-01,15.2224,14.64
2025-07-02,,14.67
2025-07-03,15.0747,14.7
2025-07-04,15.0367,14.73
2025-07-05,15.0367,14.76
2025-07-06,14.9621,14.78
2025-07-07,14.7599,14.8
2025-07-08,14.917,14.82
2025-07-09,,14.83
2025-07-10,15.2704,14.84
2025-07-11,15.2754,14.86
2025-07-12,15.2754,14.87
2025-07-13,15.2754,14.87
2025-07-14,15.2754,14.89
2025-07-15,15.1174,14.9
2025-07-16,15.2568,14.91
2025-07-17,15.2733,14.92
2025-07-18,15.2737,14.93
2025-07-19,15.2628,14.94
2025-07-20,15.2443,14.95
2025-07-21,15.2152,14.95
2025-07-22,15.182,14.96
2025-07-23,15.1379,14.98
2025-07-24,15.1931,14.99
2025-07-25,15.2332,15.0
2025-07-26,15.2044,15.01
2025-07-27,15.0831,15.01
2025-07-28,15.1116,15.01
2025-07-29,15.038,15.01
2025-07-30,15.2165,15.0
2025-07-31,15.1804,15.0
2025-08-01,15.1659,15.0
2025-08-02,14.8734,15.01
2025-08-03,14.9541,15.01
2025-08-04,15.0959,15.02
2025-08-05,14.9075,15.02
2025-08-06,15.0485,15.02
2025-08-07,15.1137,15.01
2025-08-08,15.1672,15.0
2025-08-09,15.1589,15.0
2025-08-10,15.2058,15.0
2025-08-11,15.2334,15.0
2025-08-12,15.2754,15.0
2025-08-13,15.2754,15.0
2025-08-14,,15.0
2025-08-15,,15.0
2025-08-16,15.2754,14.98
2025-08-17,15.2754,14.95
2025-08-18,15.2308,14.93
2025-08-19,15.0825,14.9
2025-08-20,,14.88
2025-08-21,14.7185,14.87
2025-08-22,14.7915,14.86
2025-08-23,15.0121,14.84
2025-08-24,15.2129,14.81
2025-08-25,15.2689,14.79
2025-08-26,15.2515,14.77
2025-08-27,15.1883,14.75
2025-08-28,14.9269,14.74
2025-08-29,14.8059,14.72
2025-08-30,14.7388,14.7
2025-08-31,14.8096,14.69
2025-09-01,14.6818,14.67
2025-09-02,14.5954,14.65
2025-09-03,14.6032,14.64
2025-09-04,14.3818,14.61
2025-09-05,14.5413,14.58
2025-09-06,14.8465,14.54
2025-09-07,15.0249,14.5
2025-09-08,14.6735,14.46
2025-09-09,14.5464,14.42
2025-09-10,14.2747,14.37
2025-09-11,13.9628,14.32
2025-09-12,13.8431,14.27
2025-09-13,13.613,14.2
2025-09-14,13.2392,14.13
2025-09-15,13.6458,14.06
2025-09-16,,13.99
2025-09-17,14.0663,13.92
2025-09-18,14.5484,13.87
2025-09-19,14.7865,13.81
2025-09-20,14.1004,13.76
2025-09-21,13.2255,13.7
2025-09-22,12.3539,13.64
2025-09-23,,13.58
2025-09-24,12.4353,13.53
2025-09-25,12.7132,13.45
2025-09-26,12.2626,13.37
2025-09-27,12.5829,13.26
2025-09-28,12.6383,13.13
2025-09-29,12.4864,12.99
2025-09-30,12.9879,12.86
2025-10-01,13.208,12.73
2025-10-02,,12.62
2025-10-03,13.4266,12.53
2025-10-04,12.0655,12.44
2025-10-05,12.3498,12.34
2025-10-06,13.4495,12.23
2025-10-07,13.3091,12.12
2025-10-08,12.8385,12.02
2025-10-09,12.3817,11.9
2025-10-10,12.262,11.79
2025-10-11,11.9714,11.67
2025-10-12,11.135,11.52
2025-10-13,11.5546,11.36
2025-10-14,10.9919,11.2
2025-10-15,10.6721,11.05
2025-10-16,11.0972,10.92
2025-10-17,,10.82
2025-10-18,10.8958,10.7
2025-10-19,11.1243,10.58
2025-10-20,11.5841,10.48
2025-10-21,11.1701,10.36
2025-10-22,10.6325,10.22
2025-10-23,8.7508,10.11
2025-10-24,8.6371,10.0
2025-10-25,8.1934,9.85
2025-10-26,7.6304,9.71
2025-10-27,8.9989,9.56
2025-10-28,9.5061,9.38
2025-10-29,8.3868,9.25
2025-10-30,8.2347,9.11
2025-10-31,10.1096,8.96
2025-11-01,9.2551,8.83
2025-11-02,8.3949,8.73
2025-11-03,10.183,8.6
2025-11-04,10.8992,8.48
2025-11-05,11.6429,8.37
2025-11-06,11.8478,8.24
2025-11-07,11.0884,8.11
2025-11-08,10.2562,7.96
2025-11-09,9.6903,7.83
2025-11-10,9.3415,7.73
2025-11-11,9.7731,7.63
2025-11-12,10.5364,7.53
2025-11-13,10.5007,7.46
2025-11-14,8.6803,7.34
2025-11-15,8.8417,7.18
2025-11-16,7.4146,7.01
2025-11-17,5.5486,6.86
2025-11-18,4.7013,6.68
2025-11-19,2.8782,6.52
2025-11-20,2.3378,6.44
2025-11-21,2.7292,6.35
2025-11-22,3.8741,6.24
2025-11-23,4.89,6.17
2025-11-24,4.9281,6.13
2025-11-25,4.3323,6.06
2025-11-26,4.3917,6.02
2025-11-27,7.2034,5.94
2025-11-28,7.2951,5.82
2025-11-29,5.971,5.66
2025-11-30,5.2149,5.51
2025-12-01,6.4876,5.38
2025-12-02,6.5148,5.31
2025-12-03,5.7874,5.27
2025-12-04,4.8174,5.25
2025-12-05,4.691,5.23
2025-12-06,6.598,5.22
2025-12-07,7.1853,5.2
2025-12-08,8.2957,5.16
2025-12-09,8.4926,5.1
2025-12-10,8.2994,5.02
2025-12-11,7.9601,4.93
2025-12-12,7.0827,4.83
2025-12-13,6.1596,4.73
2025-12-14,6.8226,4.66
2025-12-15,7.098,4.62
2025-12-16,5.8762,4.61
2025-12-17,5.4608,4.56
2025-12-18,6.3041,4.51
2025-12-19,6.3027,4.47
2025-12-20,5.4691,4.49
2025-12-21,6.1492,4.45
2025-12-22,6.6299,4.45
2025-12-23,4.9497,4.45
2025-12-24,3.9636,4.42
2025-12-25,3.2054,4.32
2025-12-26,3.4184,4.25
2025-12-27,3.7606,4.15
2025-12-28,4.0251,4.08
2025-12-29,3.8563,4.06
2025-12-30,1.6009,4.06
2025-12-31,,4.06
2026-01-01,1.8733,4.08
2026-01-02,1.2884,4.1
2026-01-03,0.4181,4.07
2026-01-04,-0.008,4.05
2026-01-05,-0.727,4.03
2026-01-06,-0.1755,4.02
2026-01-07,1.5493,4.0
2026-01-08,1.3932,3.97
2026-01-09,1.4786,3.92
2026-01-10,1.5183,3.86
2026-01-11,2.313,3.8
2026-01-12,5.3654,3.73
2026-01-13,5.1997,3.71
2026-01-14,4.1742,3.7
2026-01-15,4.3484,3.7
2026-01-16,4.64,3.7
2026-01-17,5.2249,3.7
2026-01-18,5.1259,3.67
2026-01-19,5.5316,3.65
2026-01-20,5.3394,3.68
2026-01-21,5.1174,3.71
2026-01-22,5.2135,3.78
2026-01-23,4.7842,3.85
2026-01-24,4.8072,3.91
2026-01-25,4.6101,3.95
2026-01-26,3.4956,4.0
2026-01-27,3.8414,4.01
2026-01-28,4.6304,4.02
2026-01-29,3.0772,4.02
2026-01-30,4.1416,4.02
2026-01-31,5.3348,4.02
2026-02-01,5.5027,4.05
2026-02-02,4.5678,4.07
2026-02-03,3.0118,4.09
2026-02-04,4.3506,4.08
2026-02-05,3.6143,4.07
2026-02-06,4.8063,4.06
2026-02-07,5.675,4.03
2026-02-08,6.1876,4.01
2026-02-09,6.0206,4.01
2026-02-10,6.2102,4.0
2026-02-11,6.5933,4.0
2026-02-12,5.6253,4.05
2026-02-13,4.0885,4.1
2026-02-14,3.5302,4.17
2026-02-15,3.6135,4.27
2026-02-16,4.0765,4.34
2026-02-17,3.5423,4.38
2026-02-18,2.3639,4.43
2026-02-19,3.5114,4.5
2026-02-20,5.1728,4.52
2026-02-21,7.3528,4.57
2026-02-22,8.055,4.65
2026-02-23,8.1298,4.72
2026-02-24,8.9737,4.76
2026-02-25,9.3802,4.81
2026-02-26,8.5363,4.87
2026-02-27,8.2147,5.03
2026-02-28,6.8582,5.06
2026-03-01,7.566,5.19
2026-03-02,8.4122,5.27
2026-03-03,8.1681,5.24
2026-03-04,7.753,5.33
2026-03-05,8.6248,5.42
2026-03-06,6.8505,5.53
2026-03-07,6.651,5.64
2026-03-08,6.9256,5.71
2026-03-09,7.508,5.8
2026-03-10,7.6893,5.88
2026-03-11,7.6249,5.94
2026-03-12,7.3407,6.0
2026-03-13,6.2944,6.08
2026-03-14,6.603,6.15
2026-03-15,6.1233,6.2
2026-03-16,7.1654,6.24
2026-03-17,8.8387,6.32
2026-03-18,10.0231,6.41
2026-03-19,9.8872,6.5
2026-03-20,9.1734,6.61
2026-03-21,8.8069,6.74
2026-03-22,8.4381,6.83
2026-03-23,8.7195,6.93
2026-03-24,8.4333,7.04
2026-03-25,6.5879,7.16
2026-03-26,7.2431,7.28
2026-03-27,7.5614,7.42
2026-03-28,6.9492,7.55
2026-03-29,6.7874,7.68
2026-03-30,8.0524,7.79
2026-03-31,10.0698,7.91
2026-04-01,9.6043,8.02
2026-04-02,9.0046,8.08
2026-04-03,9.4945,8.14
2026-04-04,9.4123,8.23
2026-04-05,8.6874,8.33
2026-04-06,9.3954,8.44
2026-04-07,11.4957,8.59
2026-04-08,13.1376,8.73
2026-04-09,11.4012,8.84
2026-04-10,9.9452,8.93
2026-04-11,9.1805,9.01
2026-04-12,9.4689,9.1
2026-04-13,9.4266,9.19
2026-04-14,10.0558,9.32
2026-04-15,11.1075,9.42
2026-04-16,11.9037,9.53
2026-04-17,11.9416,9.61
2026-04-18,11.5065,9.68
2026-04-19,11.0045,9.77
2026-04-20,10.4292,9.85
2026-04-21,10.0327,9.97
2026-04-22,10.6909,10.11
2026-04-23,11.476,10.24
2026-04-24,11.8487,10.34
2026-04-25,12.5185,10.43
2026-04-26,12.8547,10.46
2026-04-27,13.3858,10.5
2026-04-28,11.8431,10.59
2026-04-29,12.648,10.7
2026-04-30,13.7403,10.83
2026-05-01,14.0315,10.98
2026-05-02,13.788,11.12
2026-05-03,13.1532,11.22
2026-05-04,12.8626,11.33
2026-05-05,12.3864,11.45
2026-05-06,11.5639,11.55
2026-05-07,11.9481,11.66
2026-05-08,12.9262,11.77
2026-05-09,13.2513,11.84
2026-05-10,11.9003,11.91
2026-05-11,10.7339,12.0
2026-05-12,11.0866,12.07
2026-05-13,10.4333,12.13
2026-05-14,10.5477,12.2
2026-05-15,10.6255,12.26
2026-05-16,10.9761,12.31
2026-05-17,11.528,12.38
2026-05-18,11.531,12.46
2026-05-19,12.7265,12.57
2026-05-20,13.6028,12.71
2026-05-21,14.3708,12.84
2026-05-22,15.0692,12.97
2026-05-23,15.0802,13.08
2026-05-24,15.1961,13.17
2026-05-25,15.2402,13.23
2026-05-26,15.2602,13.28
2026-05-27,15.2023,13.34
2026-05-28,15.2235,13.41
2026-05-29,15.1529,13.48
2026-05-30,15.1571,13.54
2026-05-31,15.0597,13.63
2026-06-01,14.8454,13.7
2026-06-02,14.6631,13.77
2026-06-03,14.249,13.82
2026-06-04,14.1435,13.88
2026-06-05,14.0064,13.92
2026-06-06,13.6831,13.95
2026-06-07,13.9575,13.96
2026-06-08,13.7183,13.99
2026-06-09,13.6109,14.01
2026-06-10,13.2701,14.04
2026-06-11,13.0337,14.09
2026-06-12,14.1336,14.15
2026-06-13,14.1799,14.2
2026-06-14,14.4475,14.25
2026-06-15,14.4837,14.29
2026-06-16,14.9249,14.32
2026-06-17,15.0688,14.35
2026-06-18,15.1494,14.38
2026-06-19,15.1844,14.41
2026-06-20,15.2044,14.44
2026-06-21,15.2409,14.47
2026-06-22,15.2305,14.5
2026-06-23,15.2625,14.52
2026-06-24,15.2625,14.54
2026-06-25,15.2625,14.54
2026-06-26,15.2625,14.54
2026-06-27,15.2625,14.55
2026-06-28,15.2417,14.56
2026-06-29,15.2105,14.58
2026-06-30,15.2003,14.6
2026-07-01,15.1775,14.64
2026-07-02,15.109,14.67
2026-07-03,15.1507,14.7
2026-07-04,15.1604,14.73
2026-07-05,15.1575,14.76
2026-07-06,15.1813,14.78
2026-07-07,15.1944,14.8
2026-07-08,15.2625,14.82
2026-07-09,15.2625,14.83
2026-07-10,15.2625,14.84
2026-07-11,15.2625,14.86
2026-07-12,15.2625,14.87
2026-07-13,15.2625,14.87
2026-07-14,15.2457,14.89
2026-07-15,15.2526,14.9
2026-07-16,15.2625,14.91
2026-07-17,15.2439,14.92
2026-07-18,15.2259,14.93
2026-07-19,15.2327,14.94
2026-07-20,15.2597,14.95
2026-07-21,15.2608,14.95
2026-07-22,15.2625,14.96
2026-07-23,15.2625,14.98
2026-07-24,15.2454,14.99
2026-07-25,15.2379,15.0
2026-07-26,15.1939,15.01
2026-07-27,15.2209,15.01
2026-07-28,15.2476,15.01
2026-07-29,15.2038,15.01
2026-07-30,15.1926,15.0
2026-07-31,15.1662,15.0
2026-08-01,15.1471,15.0
2026-08-02,15.2059,15.01
2026-08-03,15.2119,15.01
2026-08-04,15.2335,15.02
2026-08-05,15.2067,15.02
2026-08-06,15.1199,15.02
2026-08-07,15.1521,15.01
2026-08-08,15.2157,15.0
2026-08-09,15.1813,15.0
2026-08-10,15.206,15.0
2026-08-11,15.2543,15.0
2026-08-12,15.2625,15.0
2026-08-13,15.2625,15.0
2026-08-14,15.2625,15.0
2026-08-15,15.2365,15.0
2026-08-16,15.2038,14.98
2026-08-17,15.1885,14.95
2026-08-18,15.2067,14.93
2026-08-19,15.1797,14.9
2026-08-20,15.0076,14.88
2026-08-21,14.8949,14.87
2026-08-22,14.8088,14.86
2026-08-23,14.981,14.84
2026-08-24,15.0653,14.81
2026-08-25,15.1851,14.79
2026-08-26,15.2402,14.77
2026-08-27,15.2534,14.75
2026-08-28,15.2462,14.74
2026-08-29,15.108,14.72
2026-08-30,15.1667,14.7
2026-08-31,15.0318,14.69
2026-09-01,15.042,14.67
2026-09-02,14.9228,14.65
2026-09-03,15.1832,14.64
2026-09-04,15.068,14.61
2026-09-05,14.9912,14.58
2026-09-06,15.1853,14.54
2026-09-07,15.0924,14.5
2026-09-08,14.5284,14.46
2026-09-09,14.3814,14.42
2026-09-10,14.3587,14.37
2026-09-11,14.5891,14.32
2026-09-12,14.7727,14.27
2026-09-13,15.0691,14.2
2026-09-14,15.1777,14.13
2026-09-15,15.0395,14.06
2026-09-16,14.5635,13.99
2026-09-17,14.3548,13.92
2026-09-18,14.2422,13.87
2026-09-19,14.6351,13.81
2026-09-20,14.439,13.76
2026-09-21,14.5726,13.7
2026-09-22,14.9644,13.64
2026-09-23,14.6118,13.58
2026-09-24,14.3335,13.53
2026-09-25,14.244,13.45
2026-09-26,14.1658,13.37
2026-09-27,13.8857,13.26
2026-09-28,,13.13
2026-09-29,,12.99
