gas_day,mcm
2015-01-01,177.642
2015-01-02,192.67
2015-01-03,209.062
2015-01-04,229.474
2015-01-05,212.856
2015-01-06,208.705
2015-01-07,220.738
2015-01-08,199.988
2015-01-09,183.896
2015-01-10,187.152
2015-01-11,212.365
2015-01-12,206.757
2015-01-13,220.304
2015-01-14,238.582
2015-01-15,229.682
2015-01-16,240.438
2015-01-17,240.45
2015-01-18,241.891
2015-01-19,265.726
2015-01-20,268.594
2015-01-21,262.267
2015-01-22,260.484
2015-01-23,257.731
2015-01-24,226.221
2015-01-25,216.527
2015-01-26,213.933
2015-01-27,217.825
2015-01-28,235.044
2015-01-29,255.018
2015-01-30,245.582
2015-01-31,246.698
2015-02-01,253.322
2015-02-02,277.649
2015-02-03,272.849
2015-02-04,265.709
2015-02-05,261.122
2015-02-06,260.625
2015-02-07,243.349
2015-02-08,227.357
2015-02-09,228.581
2015-02-10,237.14
2015-02-11,236.8
2015-02-12,233.822
2015-02-13,221.611
2015-02-14,196.087
2015-02-15,194.084
2015-02-16,217.817
2015-02-17,218.056
2015-02-18,207.852
2015-02-19,213.812
2015-02-20,212.791
2015-02-21,215.674
2015-02-22,235.866
2015-02-23,229.334
2015-02-24,225.3
2015-02-25,197.245
2015-02-26,198.791
2015-02-27,206.375
2015-02-28,189.26
2015-03-01,195.365
2015-03-02,227.725
2015-03-03,222.139
2015-03-04,214.754
2015-03-05,209.119
2015-03-06,176.33
2015-03-07,153.641
2015-03-08,169.263
2015-03-09,206.502
2015-03-10,182.231
2015-03-11,189.601
2015-03-12,174.636
2015-03-13,187.598
2015-03-14,199.046
2015-03-15,201.793
2015-03-16,205.238
2015-03-17,192.617
2015-03-18,191.45
2015-03-19,196.561
2015-03-20,175.272
2015-03-21,175.655
2015-03-22,170.952
2015-03-23,182.623
2015-03-24,186.277
2015-03-25,186.364
2015-03-26,189.025
2015-03-27,170.179
2015-03-28,148.587
2015-03-29,161.252
2015-03-30,181.862
2015-03-31,181.476
2015-04-01,189.144
2015-04-02,163.947
2015-04-03,157.659
2015-04-04,145.063
2015-04-05,127.1
2015-04-06,124.119
2015-04-07,119.944
2015-04-08,113.872
2015-04-09,105.83
2015-04-10,98.774
2015-04-11,112.97
2015-04-12,134.36
2015-04-13,134.165
2015-04-14,106.907
2015-04-15,102.432
2015-04-16,106.559
2015-04-17,113.567
2015-04-18,110.432
2015-04-19,128.545
2015-04-20,114.4
2015-04-21,100.34
2015-04-22,97.888
2015-04-23,94.872
2015-04-24,93.161
2015-04-25,97.06
2015-04-26,114.881
2015-04-27,135.225
2015-04-28,136.729
2015-04-29,138.498
2015-04-30,135.716
2015-05-01,134.037
2015-05-02,125.681
2015-05-03,117.805
2015-05-04,93.385
2015-05-05,110.221
2015-05-06,126.097
2015-05-07,112.147
2015-05-08,112.89
2015-05-09,102.499
2015-05-10,91.898
2015-05-11,83.666
2015-05-12,92.904
2015-05-13,90.823
2015-05-14,119.524
2015-05-15,96.981
2015-05-16,85.364
2015-05-17,95.119
2015-05-18,113.218
2015-05-19,118.159
2015-05-20,110.459
2015-05-21,95.826
2015-05-22,82.658
2015-05-23,72.214
2015-05-24,76.688
2015-05-25,83.919
2015-05-26,83.543
2015-05-27,86.93
2015-05-28,86.33
2015-05-29,97.406
2015-05-30,83.512
2015-05-31,92.599
2015-06-01,109.779
2015-06-02,97.761
2015-06-03,81.497
2015-06-04,71.416
2015-06-05,67.023
2015-06-06,71.089
2015-06-07,69.877
2015-06-08,78.625
2015-06-09,84.172
2015-06-10,77.353
2015-06-11,65.577
2015-06-12,62.364
2015-06-13,63.633
2015-06-14,70.636
2015-06-15,72.436
2015-06-16,64.542
2015-06-17,67.521
2015-06-18,69.845
2015-06-19,71.655
2015-06-20,61.018
2015-06-21,63.762
2015-06-22,75.588
2015-06-23,71.015
2015-06-24,65.666
2015-06-25,59.475
2015-06-26,58.01
2015-06-27,50.526
2015-06-28,56.066
2015-06-29,57.119
2015-06-30,52.593
2015-07-01,53.525
2015-07-02,55.712
2015-07-03,50.382
2015-07-04,45.766
2015-07-05,49.709
2015-07-06,57.788
2015-07-07,59.252
2015-07-08,61.677
2015-07-09,62.797
2015-07-10,54.164
2015-07-11,48.652
2015-07-12,52.453
2015-07-13,61.2
2015-07-14,59.476
2015-07-15,58.271
2015-07-16,56.392
2015-07-17,55.71
2015-07-18,51.203
2015-07-19,51.796
2015-07-20,56.168
2015-07-21,57.39
2015-07-22,58.823
2015-07-23,58.566
2015-07-24,61.973
2015-07-25,54.395
2015-07-26,61.84
2015-07-27,66.183
2015-07-28,69.535
2015-07-29,66.442
2015-07-30,65.126
2015-07-31,59.973
2015-08-01,54.573
2015-08-02,51.946
2015-08-03,51.801
2015-08-04,57.137
2015-08-05,56.762
2015-08-06,56.855
2015-08-07,54.392
2015-08-08,46.917
2015-08-09,48.864
2015-08-10,54.649
2015-08-11,58.624
2015-08-12,55.357
2015-08-13,55.758
2015-08-14,59.536
2015-08-15,54.352
2015-08-16,53.427
2015-08-17,57.526
2015-08-18,61.137
2015-08-19,61.409
2015-08-20,58.361
2015-08-21,54.132
2015-08-22,47.445
2015-08-23,50.365
2015-08-24,60.154
2015-08-25,63.081
2015-08-26,62.405
2015-08-27,61.981
2015-08-28,60.228
2015-08-29,53.046
2015-08-30,54.445
2015-08-31,65.492
2015-09-01,67.407
2015-09-02,72.865
2015-09-03,79.757
2015-09-04,78.43
2015-09-05,73.524
2015-09-06,71.514
2015-09-07,73.122
2015-09-08,80.095
2015-09-09,77.548
2015-09-10,68.84
2015-09-11,64.35
2015-09-12,62.471
2015-09-13,67.17
2015-09-14,84.665
2015-09-15,85.826
2015-09-16,86.224
2015-09-17,84.572
2015-09-18,79.434
2015-09-19,71.079
2015-09-20,76.234
2015-09-21,87.235
2015-09-22,95.036
2015-09-23,95.694
2015-09-24,87.78
2015-09-25,88.007
2015-09-26,84.948
2015-09-27,83.611
2015-09-28,87.655
2015-09-29,86.469
2015-09-30,83.483
2015-10-01,89.007
2015-10-02,88.04
2015-10-03,93.342
2015-10-04,90.55
2015-10-05,96.221
2015-10-06,82.009
2015-10-07,95.028
2015-10-08,105.706
2015-10-09,102.334
2015-10-10,100.95
2015-10-11,100.288
2015-10-12,121.755
2015-10-13,133.875
2015-10-14,136.279
2015-10-15,140.201
2015-10-16,132.109
2015-10-17,122.902
2015-10-18,115.454
2015-10-19,123.249
2015-10-20,123.491
2015-10-21,121.972
2015-10-22,118.751
2015-10-23,131.819
2015-10-24,128.31
2015-10-25,139.946
2015-10-26,136.299
2015-10-27,118.556
2015-10-28,117.329
2015-10-29,125.08
2015-10-30,116.222
2015-10-31,105.043
2015-11-01,116.449
2015-11-02,137.917
2015-11-03,138.503
2015-11-04,127.885
2015-11-05,119.997
2015-11-06,111.85
2015-11-07,110.668
2015-11-08,126.089
2015-11-09,135.568
2015-11-10,112.714
2015-11-11,117.247
2015-11-12,130.615
2015-11-13,161.824
2015-11-14,157.688
2015-11-15,122.508
2015-11-16,141.466
2015-11-17,147.775
2015-11-18,151.099
2015-11-19,161.73
2015-11-20,183.736
2015-11-21,217.295
2015-11-22,217.079
2015-11-23,226.711
2015-11-24,197.952
2015-11-25,188.621
2015-11-26,174.489
2015-11-27,164.158
2015-11-28,193.124
2015-11-29,179.938
2015-11-30,186.402
2015-12-01,166.825
2015-12-02,156.504
2015-12-03,160.406
2015-12-04,171.391
2015-12-05,158.373
2015-12-06,146.869
2015-12-07,150.396
2015-12-08,160.714
2015-12-09,184.058
2015-12-10,179.77
2015-12-11,189.89
2015-12-12,184.98
2015-12-13,183.345
2015-12-14,185.221
2015-12-15,168.288
2015-12-16,142.872
2015-12-17,141.452
2015-12-18,140.187
2015-12-19,118.008
2015-12-20,137.087
2015-12-21,173.167
2015-12-22,151.299
2015-12-23,164.006
2015-12-24,164.825
2015-12-25,153.94
2015-12-26,124.352
2015-12-27,131.74
2015-12-28,141.957
2015-12-29,146.39
2015-12-30,152.167
2015-12-31,174.865
2016-01-01,189.395
2016-01-02,164.653
2016-01-03,171.702
2016-01-04,189.296
2016-01-05,187.465
2016-01-06,191.998
2016-01-07,206.404
2016-01-08,214.976
2016-01-09,189.469
2016-01-10,201.185
2016-01-11,216.52
2016-01-12,225.194
2016-01-13,235.661
2016-01-14,252.545
2016-01-15,254.892
2016-01-16,249.859
2016-01-17,244.849
2016-01-18,249.578
2016-01-19,253.938
2016-01-20,255.582
2016-01-21,251.574
2016-01-22,214.109
2016-01-23,189.054
2016-01-24,155.712
2016-01-25,166.57
2016-01-26,186.583
2016-01-27,177.451
2016-01-28,204.074
2016-01-29,184.778
2016-01-30,196.761
2016-01-31,193.238
2016-02-01,182.087
2016-02-02,206.076
2016-02-03,220.945
2016-02-04,192.39
2016-02-05,180.571
2016-02-06,180.9
2016-02-07,194.101
2016-02-08,215.785
2016-02-09,216.467
2016-02-10,216.042
2016-02-11,222.022
2016-02-12,223.648
2016-02-13,223.626
2016-02-14,224.802
2016-02-15,249.92
2016-02-16,243.784
2016-02-17,236.647
2016-02-18,223.328
2016-02-19,218.496
2016-02-20,187.531
2016-02-21,167.821
2016-02-22,193.872
2016-02-23,208.258
2016-02-24,227.555
2016-02-25,233.629
2016-02-26,224.795
2016-02-27,219.845
2016-02-28,217.539
2016-02-29,226.927
2016-03-01,201.77
2016-03-02,224.83
2016-03-03,213.396
2016-03-04,218.364
2016-03-05,217.324
2016-03-06,218.421
2016-03-07,222.606
2016-03-08,227.525
2016-03-09,217.768
2016-03-10,211.763
2016-03-11,197.135
2016-03-12,175.019
2016-03-13,169.394
2016-03-14,184.382
2016-03-15,196.07
2016-03-16,191.7
2016-03-17,185.789
2016-03-18,208.964
2016-03-19,189.793
2016-03-20,171.287
2016-03-21,179.313
2016-03-22,175.338
2016-03-23,179.149
2016-03-24,179.608
2016-03-25,140.013
2016-03-26,151.654
2016-03-27,155.948
2016-03-28,171.072
2016-03-29,179.109
2016-03-30,168.032
2016-03-31,158.222
2016-04-01,171.09
2016-04-02,141.089
2016-04-03,130.441
2016-04-04,141.67
2016-04-05,143.006
2016-04-06,160.741
2016-04-07,170.963
2016-04-08,151.722
2016-04-09,148.907
2016-04-10,148.958
2016-04-11,151.65
2016-04-12,144.584
2016-04-13,132.04
2016-04-14,132.908
2016-04-15,152.934
2016-04-16,160.748
2016-04-17,149.749
2016-04-18,159.549
2016-04-19,130.046
2016-04-20,123.369
2016-04-21,127.004
2016-04-22,146.162
2016-04-23,143.913
2016-04-24,150.476
2016-04-25,162.41
2016-04-26,181.531
2016-04-27,177.532
2016-04-28,182.803
2016-04-29,177.427
2016-04-30,148.556
2016-05-01,136.526
2016-05-02,126.707
2016-05-03,130.123
2016-05-04,114.572
2016-05-05,92.363
2016-05-06,82.703
2016-05-07,74.222
2016-05-08,69.357
2016-05-09,69.6
2016-05-10,77.097
2016-05-11,79.203
2016-05-12,75.319
2016-05-13,87.575
2016-05-14,89.157
2016-05-15,87.915
2016-05-16,88.86
2016-05-17,85.811
2016-05-18,94.032
2016-05-19,93.967
2016-05-20,83.758
2016-05-21,80.537
2016-05-22,77.013
2016-05-23,82.16
2016-05-24,83.978
2016-05-25,108.286
2016-05-26,94.929
2016-05-27,80.57
2016-05-28,68.133
2016-05-29,68.395
2016-05-30,74.267
2016-05-31,93.542
2016-06-01,100.336
2016-06-02,100.032
2016-06-03,90.339
2016-06-04,70.276
2016-06-05,63.66
2016-06-06,64.503
2016-06-07,60.982
2016-06-08,61.649
2016-06-09,62.729
2016-06-10,59.81
2016-06-11,58.295
2016-06-12,59.407
2016-06-13,68.601
2016-06-14,70.156
2016-06-15,71.227
2016-06-16,73.232
2016-06-17,72.747
2016-06-18,67.688
2016-06-19,66.309
2016-06-20,69.215
2016-06-21,63.873
2016-06-22,65.361
2016-06-23,62.382
2016-06-24,61.655
2016-06-25,58.663
2016-06-26,62.688
2016-06-27,66.285
2016-06-28,72.124
2016-06-29,78.775
2016-06-30,71.619
2016-07-01,70.427
2016-07-02,67.371
2016-07-03,63.029
2016-07-04,65.145
2016-07-05,65.381
2016-07-06,64.933
2016-07-07,62.447
2016-07-08,58.676
2016-07-09,55.081
2016-07-10,54.308
2016-07-11,61.708
2016-07-12,66.281
2016-07-13,66.921
2016-07-14,64.068
2016-07-15,60.109
2016-07-16,51.99
2016-07-17,50.294
2016-07-18,52.147
2016-07-19,49.414
2016-07-20,50.362
2016-07-21,52.087
2016-07-22,51.323
2016-07-23,47.344
2016-07-24,48.557
2016-07-25,53.971
2016-07-26,55.813
2016-07-27,54.937
2016-07-28,57.995
2016-07-29,55.857
2016-07-30,52.011
2016-07-31,53.874
2016-08-01,59.471
2016-08-02,58.665
2016-08-03,56.266
2016-08-04,57.756
2016-08-05,55.277
2016-08-06,49.082
2016-08-07,47.738
2016-08-08,56.558
2016-08-09,63.279
2016-08-10,64.943
2016-08-11,63.003
2016-08-12,55.499
2016-08-13,50.041
2016-08-14,52.025
2016-08-15,55.11
2016-08-16,55.555
2016-08-17,55.394
2016-08-18,55.74
2016-08-19,57.515
2016-08-20,53.723
2016-08-21,53.603
2016-08-22,58.439
2016-08-23,56.435
2016-08-24,55.449
2016-08-25,56.332
2016-08-26,54.239
2016-08-27,51.165
2016-08-28,51.371
2016-08-29,53.189
2016-08-30,53.741
2016-08-31,58.146
2016-09-01,58.653
2016-09-02,59.383
2016-09-03,56.402
2016-09-04,55.77
2016-09-05,61.299
2016-09-06,57.728
2016-09-07,55.193
2016-09-08,58.122
2016-09-09,57.813
2016-09-10,57.498
2016-09-11,57.912
2016-09-12,60.446
2016-09-13,57.674
2016-09-14,57.268
2016-09-15,57.105
2016-09-16,59.363
2016-09-17,60.177
2016-09-18,60.128
2016-09-19,66.725
2016-09-20,69.106
2016-09-21,68.54
2016-09-22,69.087
2016-09-23,70.901
2016-09-24,61.646
2016-09-25,63.746
2016-09-26,82.245
2016-09-27,78.018
2016-09-28,72.743
2016-09-29,74.744
2016-09-30,82.822
2016-10-01,91.022
2016-10-02,90.297
2016-10-03,99.53
2016-10-04,91.665
2016-10-05,91.535
2016-10-06,101.994
2016-10-07,104.663
2016-10-08,95.032
2016-10-09,102.973
2016-10-10,124.953
2016-10-11,129.911
2016-10-12,122.622
2016-10-13,128.411
2016-10-14,125.269
2016-10-15,111.578
2016-10-16,112.238
2016-10-17,115.308
2016-10-18,132.627
2016-10-19,136.138
2016-10-20,134.743
2016-10-21,138.951
2016-10-22,136.927
2016-10-23,138.503
2016-10-24,149.99
2016-10-25,141.19
2016-10-26,128.74
2016-10-27,130.277
2016-10-28,116.549
2016-10-29,111.104
2016-10-30,116.251
2016-10-31,120.496
2016-11-01,148.295
2016-11-02,173.649
2016-11-03,184.261
2016-11-04,170.623
2016-11-05,181.428
2016-11-06,198.526
2016-11-07,211.604
2016-11-08,223.811
2016-11-09,215.05
2016-11-10,205.547
2016-11-11,199.391
2016-11-12,174.096
2016-11-13,170.772
2016-11-14,164.445
2016-11-15,142.894
2016-11-16,155.983
2016-11-17,47.473
2016-11-18,215.713
2016-11-19,209.576
2016-11-20,206.863
2016-11-21,213.65
2016-11-22,200.971
2016-11-23,205.558
2016-11-24,208.932
2016-11-25,211.494
2016-11-26,208.551
2016-11-27,198.935
2016-11-28,217.286
2016-11-29,249.757
2016-11-30,252.762
2016-12-01,234.728
2016-12-02,215.594
2016-12-03,206.418
2016-12-04,224.489
2016-12-05,249.245
2016-12-06,225.721
2016-12-07,173.003
2016-12-08,162.779
2016-12-09,153.335
2016-12-10,152.353
2016-12-11,177.878
2016-12-12,200.18
2016-12-13,179.261
2016-12-14,170.415
2016-12-15,183.034
2016-12-16,177.029
2016-12-17,185.301
2016-12-18,189.233
2016-12-19,206.165
2016-12-20,211.798
2016-12-21,205.227
2016-12-22,210.384
2016-12-23,196.754
2016-12-24,180.48
2016-12-25,139.252
2016-12-26,181.806
2016-12-27,218.592
2016-12-28,237.109
2016-12-29,234.722
2016-12-30,220.05
2016-12-31,188.082
2017-01-01,195.61
2017-01-02,236.434
2017-01-03,246.187
2017-01-04,234.977
2017-01-05,259.524
2017-01-06,245.932
2017-01-07,189.677
2017-01-08,178.596
2017-01-09,200.185
2017-01-10,208.205
2017-01-11,213.037
2017-01-12,245.44
2017-01-13,267.044
2017-01-14,244.277
2017-01-15,216.247
2017-01-16,214.027
2017-01-17,223.926
2017-01-18,232.226
2017-01-19,233.152
2017-01-20,237.186
2017-01-21,246.595
2017-01-22,252.185
2017-01-23,257.996
2017-01-24,242.43
2017-01-25,245.842
2017-01-26,279.873
2017-01-27,265.723
2017-01-28,217.354
2017-01-29,220.955
2017-01-30,219.435
2017-01-31,217.206
2017-02-01,189.288
2017-02-02,184.076
2017-02-03,195.249
2017-02-04,201.647
2017-02-05,216.795
2017-02-06,241.401
2017-02-07,216.849
2017-02-08,239.365
2017-02-09,264.29
2017-02-10,267.07
2017-02-11,260.315
2017-02-12,254.096
2017-02-13,237.589
2017-02-14,225.002
2017-02-15,194.884
2017-02-16,192.517
2017-02-17,175.688
2017-02-18,167.318
2017-02-19,166.349
2017-02-20,158.446
2017-02-21,164.663
2017-02-22,171.756
2017-02-23,201.914
2017-02-24,197.478
2017-02-25,184.841
2017-02-26,174.588
2017-02-27,209.048
2017-02-28,225.038
2017-03-01,210.037
2017-03-02,207.19
2017-03-03,202.672
2017-03-04,173.536
2017-03-05,192.479
2017-03-06,194.353
2017-03-07,184.964
2017-03-08,170.278
2017-03-09,153.515
2017-03-10,160.67
2017-03-11,138.082
2017-03-12,143.98
2017-03-13,152.808
2017-03-14,149.084
2017-03-15,138.042
2017-03-16,158.36
2017-03-17,177.085
2017-03-18,143.468
2017-03-19,137.013
2017-03-20,164.228
2017-03-21,183.09
2017-03-22,201.45
2017-03-23,189.159
2017-03-24,175.398
2017-03-25,144.519
2017-03-26,139.159
2017-03-27,153.103
2017-03-28,148.513
2017-03-29,140.591
2017-03-30,114.986
2017-03-31,109.672
2017-04-01,114.648
2017-04-02,114.964
2017-04-03,124.794
2017-04-04,128.132
2017-04-05,133.13
2017-04-06,128.476
2017-04-07,121.769
2017-04-08,99.755
2017-04-09,90.924
2017-04-10,117.145
2017-04-11,122.625
2017-04-12,129.044
2017-04-13,131.938
2017-04-14,126.452
2017-04-15,117.694
2017-04-16,125.947
2017-04-17,132.963
2017-04-18,138.979
2017-04-20,125.58
2017-04-21,121.092
2017-04-22,109.479
2017-04-23,106.469
2017-04-24,137.956
2017-04-25,167.115
2017-04-26,171.458
2017-04-27,165.675
2017-04-28,139.054
2017-04-29,118.176
2017-04-30,108.207
2017-05-01,113.199
2017-05-02,112.296
2017-05-03,126.638
2017-05-04,118.943
2017-05-05,109.285
2017-05-06,113.413
2017-05-07,103.68
2017-05-08,125.675
2017-05-09,121.156
2017-05-10,101.76
2017-05-11,91.921
2017-05-12,94.628
2017-05-13,87.184
2017-05-14,81.382
2017-05-15,98.039
2017-05-16,83.165
2017-05-17,93.315
2017-05-18,92.312
2017-05-19,98.237
2017-05-20,90.153
2017-05-21,80.301
2017-05-22,74.236
2017-05-23,71.882
2017-05-24,64.711
2017-05-25,59.228
2017-05-26,54.622
2017-05-27,50.415
2017-05-28,53.628
2017-05-29,63.567
2017-05-30,64.297
2017-05-31,64.077
2017-06-01,60.514
2017-06-02,60.468
2017-06-03,56.025
2017-06-04,60.937
2017-06-05,79.723
2017-06-06,92.011
2017-06-07,81.235
2017-06-08,81.153
2017-06-09,70.261
2017-06-10,61.902
2017-06-11,62.359
2017-06-12,71.364
2017-06-13,68.876
2017-06-14,61.623
2017-06-15,62.044
2017-06-16,61.752
2017-06-17,51.933
2017-06-18,50.158
2017-06-19,52.419
2017-06-20,53.587
2017-06-21,53.777
2017-06-22,55.191
2017-06-23,57.883
2017-06-24,55.052
2017-06-25,56.941
2017-06-26,62.142
2017-06-27,68.974
2017-06-28,76.074
2017-06-29,82.283
2017-06-30,69.905
2017-07-01,60.517
2017-07-02,57.909
2017-07-03,60.439
2017-07-04,62.842
2017-07-05,60.76
2017-07-06,57.187
2017-07-07,55.782
2017-07-08,51.442
2017-07-09,52.035
2017-07-10,59.078
2017-07-11,64.555
2017-07-12,61.609
2017-07-13,59.605
2017-07-14,60.834
2017-07-15,55.351
2017-07-16,53.984
2017-07-17,56.718
2017-07-18,54.483
2017-07-19,56.049
2017-07-20,59.747
2017-07-21,58.243
2017-07-22,57.61
2017-07-23,58.045
2017-07-24,61.306
2017-07-25,59.464
2017-07-26,59.179
2017-07-27,60.901
2017-07-28,60.616
2017-07-29,54.407
2017-07-30,53.705
2017-07-31,57.709
2017-08-01,57.861
2017-08-02,59.245
2017-08-03,58.282
2017-08-04,55.961
2017-08-05,54.323
2017-08-06,55.538
2017-08-07,58.567
2017-08-08,62.64
2017-08-09,67.063
2017-08-10,63.245
2017-08-11,62.628
2017-08-12,53.618
2017-08-13,54.738
2017-08-14,62.163
2017-08-15,59.312
2017-08-16,61.162
2017-08-17,58.339
2017-08-18,62.021
2017-08-19,59.626
2017-08-20,60.294
2017-08-21,63.803
2017-08-22,59.571
2017-08-23,60.144
2017-08-24,62.173
2017-08-25,59.312
2017-08-26,51.838
2017-08-27,49.088
2017-08-28,51.151
2017-08-29,60.694
2017-08-30,67.237
2017-08-31,68.994
2017-09-01,67.121
2017-09-02,59.94
2017-09-03,65.255
2017-09-04,67.58
2017-09-05,67.114
2017-09-06,73.298
2017-09-07,73.4
2017-09-08,72.606
2017-09-09,69.757
2017-09-10,78.329
2017-09-11,83.092
2017-09-12,85.963
2017-09-13,88.74
2017-09-14,92.968
2017-09-15,96.548
2017-09-16,93.854
2017-09-17,92.087
2017-09-18,97.631
2017-09-19,95.318
2017-09-20,91.585
2017-09-21,90.613
2017-09-22,95.725
2017-09-23,78.401
2017-09-24,75.089
2017-09-25,79.91
2017-09-26,78.072
2017-09-27,82.507
2017-09-28,78.146
2017-09-29,80.451
2017-09-30,87.28
2017-10-01,85.449
2017-10-02,93.568
2017-10-03,110.049
2017-10-04,115.766
2017-10-05,105.091
2017-10-06,112.285
2017-10-07,99.499
2017-10-08,94.773
2017-10-09,102.064
2017-10-10,99.174
2017-10-11,102.073
2017-10-12,108.425
2017-10-13,91.379
2017-10-14,76.729
2017-10-15,78.226
2017-10-16,86.978
2017-10-17,107.929
2017-10-18,117.214
2017-10-19,108.821
2017-10-20,109.715
2017-10-21,109.823
2017-10-22,124.185
2017-10-23,121.727
2017-10-24,104.228
2017-10-25,104.552
2017-10-26,119.486
2017-10-27,123.616
2017-10-28,128.538
2017-10-29,126.831
2017-10-30,168.21
2017-10-31,149.621
2017-11-01,144.325
2017-11-02,154.134
2017-11-03,145.393
2017-11-04,136.394
2017-11-05,168.013
2017-11-06,185.495
2017-11-07,175.407
2017-11-08,189.28
2017-11-09,172.409
2017-11-10,167.08
2017-11-11,163.517
2017-11-12,183.346
2017-11-13,215.781
2017-11-14,178.248
2017-11-15,162.324
2017-11-16,167.038
2017-11-17,198.329
2017-11-18,187.341
2017-11-19,193.427
2017-11-20,176.706
2017-11-21,153.2
2017-11-22,145.635
2017-11-23,173.796
2017-11-24,204.853
2017-11-25,217.812
2017-11-26,215.113
2017-11-27,212.048
2017-11-28,226.914
2017-11-29,246.114
2017-11-30,263.363
2017-12-01,250.875
2017-12-02,214.323
2017-12-03,193.119
2017-12-04,205.221
2017-12-05,198.275
2017-12-06,187.481
2017-12-07,201.27
2017-12-08,253.6
2017-12-09,259.109
2017-12-10,260.102
2017-12-11,285.046
2017-12-12,281.293
2017-12-13,247.439
2017-12-14,255.957
2017-12-15,256.467
2017-12-16,254.603
2017-12-17,240.272
2017-12-18,244.287
2017-12-19,232.628
2017-12-20,193.522
2017-12-21,178.649
2017-12-22,170.166
2017-12-23,164.441
2017-12-24,159.014
2017-12-25,155.133
2017-12-26,194.844
2017-12-27,238.34
2017-12-28,251.065
2017-12-29,238.796
2017-12-30,185.272
2017-12-31,178.765
2021-09-27,66.864
2021-09-28,86.035
2021-09-29,94.29
2021-09-30,105.406
2021-10-01,89.429
2021-10-02,109.158
2021-10-03,99.505
2021-10-04,105.618
2021-10-05,113.941
2021-10-06,108.264
2021-10-07,89.307
2021-10-08,80.276
2021-10-09,78.356
2021-10-10,86.151
2021-10-11,106.113
2021-10-12,111.647
2021-10-13,107.703
2021-10-14,102.83
2021-10-15,110.21
2021-10-16,109.567
2021-10-17,98.798
2021-10-18,104.325
2021-10-19,84.519
2021-10-20,98.441
2021-10-21,135.057
2021-10-22,142.317
2021-10-23,121.387
2021-10-24,112.666
2021-10-25,116.474
2021-10-26,116.072
2021-10-27,101.377
2021-10-28,104.731
2021-10-29,111.489
2021-10-30,120.538
2021-10-31,131.707
2021-11-01,154.211
2021-11-02,167.244
2021-11-03,180.617
2021-11-04,185.159
2021-11-05,180.702
2021-11-06,143.164
2021-11-07,149.259
2021-11-08,163.296
2021-11-09,131.222
2021-11-10,139.711
2021-11-11,136.742
2021-11-12,137.415
2021-11-13,131.267
2021-11-14,136.036
2021-11-15,154.32
2021-11-16,155.791
2021-11-17,159.462
2021-11-18,151.124
2021-11-19,137.227
2021-11-20,140.563
2021-11-21,176.596
2021-11-22,205.549
2021-11-23,205.034
2021-11-24,201.433
2021-11-25,212.696
2021-11-26,218.272
2021-11-27,238.474
2021-11-28,247.172
2021-11-29,258.842
2021-11-30,193.104
2021-12-01,207.225
2021-12-02,245.042
2021-12-03,217.782
2021-12-04,203.374
2021-12-05,215.446
2021-12-06,237.769
2021-12-07,240.61
2021-12-08,232.071
2021-12-09,220.905
2021-12-10,224.821
2021-12-11,203.934
2021-12-12,156.81
2021-12-13,177.192
2021-12-14,171.889
2021-12-15,165.928
2021-12-16,176.174
2021-12-17,191.984
2021-12-18,189.348
2021-12-19,206.108
2021-12-20,216.759
2021-12-21,231.806
2021-12-22,243.006
2021-12-23,197.726
2021-12-24,176.67
2021-12-25,179.18
2021-12-26,181.045
2021-12-27,172.055
2021-12-28,166.365
2021-12-29,159.201
2021-12-30,133.526
2021-12-31,123.949
2022-01-01,118.514
2022-01-02,143.906
2022-01-03,171.704
2022-01-04,223.139
2022-01-05,245.089
2022-01-06,256.428
2022-01-07,246.869
2022-01-08,213.599
2022-01-09,213.926
2022-01-10,217.292
2022-01-11,199.354
2022-01-12,220.822
2022-01-13,225.664
2022-01-14,232.731
2022-01-15,227.768
2022-01-16,207.111
2022-01-17,228.366
2022-01-18,241.446
2022-01-19,220.09
2022-01-20,248.046
2022-01-21,247.823
2022-01-22,213.429
2022-01-23,211.902
2022-01-24,239.828
2022-01-25,249.531
2022-01-26,219.312
2022-01-27,202.369
2022-01-28,207.162
2022-01-29,173.055
2022-01-30,197.748
2022-01-31,214.584
2022-02-01,181.06
2022-02-02,173.608
2022-02-03,177.637
2022-02-04,201.755
2022-02-05,199.934
2022-02-06,195.129
2022-02-07,208.015
2022-02-08,175.377
2022-02-09,179.277
2022-02-10,206.548
2022-02-11,214.873
2022-02-12,198.956
2022-02-13,185.659
2022-02-14,198.331
2022-02-15,201.605
2022-02-16,173.38
2022-02-17,188.644
2022-02-18,208.83
2022-02-19,213.763
2022-02-20,192.144
2022-02-21,208.36
2022-02-22,186.003
2022-02-23,193.704
2022-02-24,211.37
2022-02-25,197.767
2022-02-26,182.523
2022-02-27,178.694
2022-02-28,190.638
2022-03-01,192.676
2022-03-02,199.308
2022-03-03,184.353
2022-03-04,186.197
2022-03-05,189.093
2022-03-06,193.345
2022-03-07,209.642
2022-03-08,196.862
2022-03-09,168.523
2022-03-10,149.803
2022-03-11,153.797
2022-03-12,142.402
2022-03-13,150.718
2022-03-14,155.428
2022-03-15,151.71
2022-03-16,167.16
2022-03-17,161.111
2022-03-18,137.52
2022-03-19,130.023
2022-03-20,147.175
2022-03-21,156.374
2022-03-22,123.01
2022-03-23,115.169
2022-03-24,115.591
2022-03-25,110.257
2022-03-26,96.256
2022-03-27,112.044
2022-03-28,118.657
2022-03-29,139.655
2022-03-30,169.981
2022-03-31,200.035
2022-04-01,192.978
2022-04-02,171.113
2022-04-03,166.764
2022-04-04,157.204
2022-04-05,136.334
2022-04-06,140.73
2022-04-07,158.855
2022-04-08,159.033
2022-04-09,147.79
2022-04-10,136.593
2022-04-11,127.539
2022-04-12,120.009
2022-04-13,106.52
2022-04-14,97.115
2022-04-15,82.321
2022-04-16,74.063
2022-04-17,74.585
2022-04-18,86.249
2022-04-19,98.4
2022-04-20,93.454
2022-04-21,92.051
2022-04-22,94.821
2022-04-23,90.926
2022-04-24,89.844
2022-04-25,111.834
2022-04-26,109.287
2022-04-27,123.881
2022-04-28,126.325
2022-04-29,112.056
2022-04-30,91.617
2022-05-01,92.943
2022-05-02,96.102
2022-05-03,100.426
2022-05-04,94.352
2022-05-05,83.435
2022-05-06,78.586
2022-05-07,72.977
2022-05-08,71.634
2022-05-09,71.163
2022-05-10,70.949
2022-05-11,80.122
2022-05-12,81.295
2022-05-13,76.604
2022-05-14,62.398
2022-05-15,63.313
2022-05-16,70.97
2022-05-17,61.76
2022-05-18,61.74
2022-05-19,62.05
2022-05-20,63.929
2022-05-21,61.036
2022-05-22,56.99
2022-05-23,67.16
2022-05-24,68.793
2022-05-25,72.234
2022-05-26,70.017
2022-05-27,68.295
2022-05-28,64.309
2022-05-29,71.15
2022-05-30,84.681
2022-05-31,80.531
2022-06-01,71.622
2022-06-02,61.482
2022-06-03,55.702
2022-06-04,58.569
2022-06-05,73.999
2022-06-06,70.703
2022-06-07,63.24
2022-06-08,61.985
2022-06-09,59.837
2022-06-10,54.771
2022-06-11,52.163
2022-06-12,53.949
2022-06-13,61.388
2022-06-14,59.03
2022-06-15,53.926
2022-06-16,49.718
2022-06-17,47.031
2022-06-18,49.431
2022-06-19,53.473
2022-06-20,54.797
2022-06-21,54.571
2022-06-22,51.481
2022-06-23,51.665
2022-06-24,52.276
2022-06-25,46.271
2022-06-26,48.511
2022-06-27,56.475
2022-06-28,57.092
2022-06-29,61.33
2022-06-30,63.853
2022-07-01,58.937
2022-07-02,50.38
2022-07-03,50.772
2022-07-04,54.224
2022-07-05,59.599
2022-07-06,55.755
2022-07-07,56.106
2022-07-08,52.251
2022-07-09,45.459
2022-07-10,46.318
2022-07-11,52.512
2022-07-12,53.139
2022-07-13,52.797
2022-07-14,50.475
2022-07-15,48.586
2022-07-16,42.449
2022-07-17,42.168
2022-07-18,45.756
2022-07-19,46.683
2022-07-20,45.485
2022-07-21,49.966
2022-07-22,51.02
2022-07-23,44.815
2022-07-24,42.868
2022-07-25,48.034
2022-07-26,54.779
2022-07-27,52.264
2022-07-28,49.126
2022-07-29,51.392
2022-07-30,44.535
2022-07-31,43.407
2022-08-01,46.855
2022-08-02,44.239
2022-08-03,47.704
2022-08-04,49.319
2022-08-05,48.314
2022-08-06,43.842
2022-08-07,43.38
2022-08-08,47.658
2022-08-09,47.357
2022-08-10,48.244
2022-08-11,48.77
2022-08-12,42.868
2022-08-13,38.636
2022-08-14,39.809
2022-08-15,46.264
2022-08-16,50.589
2022-08-17,53.278
2022-08-18,48.696
2022-08-19,47.654
2022-08-20,41.395
2022-08-21,45.314
2022-08-22,48.957
2022-08-23,51.659
2022-08-24,51.08
2022-08-25,55.092
2022-08-26,53.385
2022-08-27,45.917
2022-08-28,44.602
2022-08-29,47.582
2022-08-30,50.83
2022-08-31,51.973
2022-09-01,53.475
2022-09-02,51.647
2022-09-03,45.887
2022-09-04,47.683
2022-09-05,50.784
2022-09-06,51.679
2022-09-07,52.361
2022-09-08,53.964
2022-09-09,51.63
2022-09-10,48.141
2022-09-11,48.426
2022-09-12,52.726
2022-09-13,55.347
2022-09-14,59.932
2022-09-15,56.737
2022-09-16,61.881
2022-09-17,60.117
2022-09-18,59.543
2022-09-19,61.204
2022-09-20,65.145
2022-09-21,62.986
2022-09-22,66.662
2022-09-23,67.278
2022-09-24,64.149
2022-09-25,72.115
2022-09-26,78.292
2022-09-27,94.517
2022-09-28,96.967
2022-09-29,92.811
2022-09-30,96.226
2022-10-01,71.116
2022-10-02,71.362
2022-10-03,84.468
2022-10-04,73.775
2022-10-05,80.132
2022-10-06,85.566
2022-10-07,81.626
2022-10-08,80.356
2022-10-09,84.754
2022-10-10,90.71
2022-10-11,102.315
2022-10-12,103.138
2022-10-13,92.336
2022-10-14,92.27
2022-10-15,86.174
2022-10-16,87.738
2022-10-17,83.198
2022-10-18,95.237
2022-10-19,92.73
2022-10-20,93.805
2022-10-21,90.263
2022-10-22,74.601
2022-10-23,75.031
2022-10-24,85.101
2022-10-25,86.19
2022-10-26,79.012
2022-10-27,80.071
2022-10-28,76.474
2022-10-29,78.856
2022-10-30,80.846
2022-10-31,91.085
2022-11-01,103.104
2022-11-02,121.364
2022-11-03,120.757
2022-11-04,129.821
2022-11-05,121.522
2022-11-06,117.057
2022-11-07,116.581
2022-11-08,116.258
2022-11-09,118.497
2022-11-10,113.477
2022-11-11,97.388
2022-11-12,96.038
2022-11-13,101.85
2022-11-14,115.993
2022-11-15,128.285
2022-11-16,140.786
2022-11-17,142.279
2022-11-18,140.65
2022-11-19,137.771
2022-11-20,145.647
2022-11-21,180.189
2022-11-22,170.314
2022-11-23,162.687
2022-11-24,164.063
2022-11-25,153.192
2022-11-26,137.378
2022-11-27,131.986
2022-11-28,164.881
2022-11-29,185.898
2022-11-30,183.179
2022-12-01,186.647
2022-12-02,181.832
2022-12-03,175.229
2022-12-04,184.225
2022-12-05,192.213
2022-12-06,202.016
2022-12-07,222.518
2022-12-08,238.575
2022-12-09,247.844
2022-12-10,232.17
2022-12-11,239.525
2022-12-12,261.011
2022-12-13,265.723
2022-12-14,272.708
2022-12-15,279.691
2022-12-16,269.6
2022-12-17,240.601
2022-12-18,212.056
2022-12-19,159.186
2022-12-20,168.884
2022-12-21,171.625
2022-12-22,169.086
2022-12-23,155.644
2022-12-24,145.618
2022-12-25,132.182
2022-12-26,164.162
2022-12-27,173.094
2022-12-28,154.86
2022-12-29,163.973
2022-12-30,157.208
2022-12-31,140.625
2023-01-01,140.693
2023-01-02,171.16
2023-01-03,178.125
2023-01-04,146.584
2023-01-05,147.816
2023-01-06,154.669
2023-01-07,142.287
2023-01-08,165.473
2023-01-09,185.429
2023-01-10,177.515
2023-01-11,174.861
2023-01-12,168.142
2023-01-13,177.708
2023-01-14,167.717
2023-01-15,188.532
2023-01-16,221.468
2023-01-17,247.222
2023-01-18,240.34
2023-01-19,240.704
2023-01-20,229.886
2023-01-21,226.785
2023-01-22,231.382
2023-01-23,233.098
2023-01-24,220.635
2023-01-25,213.977
2023-01-26,207.862
2023-01-27,205.633
2023-01-28,188.753
2023-01-29,178.836
2023-01-30,183.762
2023-01-31,181.871
2023-02-01,185.734
2023-02-02,167.61
2023-02-03,153.703
2023-02-04,151.074
2023-02-05,175.321
2023-02-06,196.832
2023-02-07,202.118
2023-02-08,202.088
2023-02-09,194.458
2023-02-10,189.676
2023-02-11,154.843
2023-02-12,158.055
2023-02-13,167.399
2023-02-14,178.565
2023-02-15,165.069
2023-02-16,153.052
2023-02-17,135.901
2023-02-18,130.66
2023-02-19,133.724
2023-02-20,143.212
2023-02-21,147.131
2023-02-22,161.312
2023-02-23,175.977
2023-02-24,174.565
2023-02-25,180.313
2023-02-26,182.619
2023-02-27,196.23
2023-02-28,195.581
2023-03-01,191.176
2023-03-02,184.41
2023-03-03,193.812
2023-03-04,182.597
2023-03-05,187.416
2023-03-06,192.562
2023-03-07,201.511
2023-03-08,229.075
2023-03-09,219.722
2023-03-10,209.718
2023-03-11,190.663
2023-03-12,151.96
2023-03-13,150.024
2023-03-14,181.118
2023-03-15,192.719
2023-03-16,153.833
2023-03-17,129.057
2023-03-18,117.495
2023-03-19,134.003
2023-03-20,143.839
2023-03-21,127.698
2023-03-22,126.282
2023-03-23,130.338
2023-03-24,128.703
2023-03-25,122.584
2023-03-26,146.236
2023-03-27,148.669
2023-03-28,167.789
2023-03-29,136.887
2023-03-30,116.739
2023-03-31,127.19
2023-04-01,130.929
2023-04-02,133.382
2023-04-03,140.324
2023-04-04,131.997
2023-04-05,135.192
2023-04-06,120.717
2023-04-07,109.295
2023-04-08,101.077
2023-04-09,100.023
2023-04-10,108.109
2023-04-11,132.812
2023-04-12,148.634
2023-04-13,134.672
2023-04-14,143.461
2023-04-15,112.898
2023-04-16,106.442
2023-04-17,103.915
2023-04-18,109.594
2023-04-19,109.569
2023-04-20,111.016
2023-04-21,122.726
2023-04-22,107.099
2023-04-23,107.658
2023-04-24,128.025
2023-04-25,127.955
2023-04-26,128.007
2023-04-27,132.069
2023-04-28,107.839
2023-04-29,87.31
2023-04-30,84.012
2023-05-01,83.117
2023-05-02,91.122
2023-05-03,88.758
2023-05-04,92.628
2023-05-05,78.869
2023-05-06,73.272
2023-05-07,63.507
2023-05-08,75.286
2023-05-09,73.586
2023-05-10,75.582
2023-05-11,74.977
2023-05-12,85.099
2023-05-13,78.691
2023-05-14,70.33
2023-05-15,74.414
2023-05-16,76.043
2023-05-17,70.055
2023-05-18,65.723
2023-05-19,66.537
2023-05-20,57.513
2023-05-21,57.666
2023-05-22,62.137
2023-05-23,62.058
2023-05-24,60.163
2023-05-25,60.023
2023-05-26,57.242
2023-05-27,49.73
2023-05-28,50.125
2023-05-29,55.853
2023-05-30,63.587
2023-05-31,65.811
2023-06-01,66.867
2023-06-02,61.058
2023-06-03,51.505
2023-06-04,53.764
2023-06-05,60.96
2023-06-06,67.229
2023-06-07,63.579
2023-06-08,58.99
2023-06-09,52.943
2023-06-10,43.587
2023-06-11,48.155
2023-06-12,47.801
2023-06-13,48.225
2023-06-14,45.113
2023-06-15,48.539
2023-06-16,42.321
2023-06-17,40.051
2023-06-18,44.752
2023-06-19,44.144
2023-06-20,50.451
2023-06-21,48.292
2023-06-22,46.644
2023-06-23,45.584
2023-06-24,40.559
2023-06-25,43.704
2023-06-26,47.116
2023-06-27,47.759
2023-06-28,49.636
2023-06-29,48.564
2023-06-30,47.169
2023-07-01,44.702
2023-07-02,47.537
2023-07-03,53.352
2023-07-04,54.016
2023-07-05,53.688
2023-07-06,52.704
2023-07-07,45.461
2023-07-08,44.519
2023-07-09,43.948
2023-07-10,48.738
2023-07-11,49.638
2023-07-12,50.773
2023-07-13,49.104
2023-07-14,50.937
2023-07-15,45.504
2023-07-16,46.748
2023-07-17,50.954
2023-07-18,55.927
2023-07-19,52.075
2023-07-20,52.863
2023-07-21,49.789
2023-07-22,46.411
2023-07-23,45.544
2023-07-24,55.174
2023-07-25,52.616
2023-07-26,50.901
2023-07-27,48.764
2023-07-28,46.774
2023-07-29,40.909
2023-07-30,42.971
2023-07-31,48.588
2023-08-01,49.32
2023-08-02,49.654
2023-08-03,49.907
2023-08-04,49.515
2023-08-05,50.354
2023-08-06,48.201
2023-08-07,50.156
2023-08-08,51.886
2023-08-09,49.303
2023-08-10,45.575
2023-08-11,44.552
2023-08-12,40.808
2023-08-13,42.49
2023-08-14,48.592
2023-08-15,49.299
2023-08-16,47.641
2023-08-17,46.822
2023-08-18,46.942
2023-08-19,42.178
2023-08-20,42.489
2023-08-21,47.578
2023-08-22,47.491
2023-08-23,49.948
2023-08-24,49.048
2023-08-25,49.77
2023-08-26,45.414
2023-08-27,45.91
2023-08-28,49.083
2023-08-29,54.123
2023-08-30,54.384
2023-08-31,55.203
2023-09-01,51.175
2023-09-02,44.228
2023-09-03,44.096
2023-09-04,45.467
2023-09-05,45.851
2023-09-06,45.014
2023-09-07,44.67
2023-09-08,43.657
2023-09-09,39.681
2023-09-10,41.164
2023-09-11,47.076
2023-09-12,52.14
2023-09-13,53.575
2023-09-14,52.799
2023-09-15,52.514
2023-09-16,48.62
2023-09-17,52.246
2023-09-18,54.201
2023-09-19,58.315
2023-09-20,59.33
2023-09-21,63.918
2023-09-22,66.039
2023-09-23,61.184
2023-09-24,57.725
2023-09-25,57.084
2023-09-26,59.553
2023-09-27,65.141
2023-09-28,64.989
2023-09-29,61.121
2023-09-30,61.409
2023-10-01,56.097
2023-10-02,63.31
2023-10-03,68.3
2023-10-04,71.577
2023-10-05,68.951
2023-10-06,59.746
2023-10-07,54.939
2023-10-08,56.822
2023-10-09,58.428
2023-10-10,59.362
2023-10-11,67.54
2023-10-12,76.447
2023-10-13,77.329
2023-10-14,90.876
2023-10-15,109.57
2023-10-16,131.869
2023-10-17,114.344
2023-10-18,106.692
2023-10-19,87.697
2023-10-20,94.706
2023-10-21,95.607
2023-10-22,105.817
2023-10-23,117.602
2023-10-24,111.808
2023-10-25,116.818
2023-10-26,112.07
2023-10-27,114.672
2023-10-28,105.846
2023-10-29,106.533
2023-10-30,120.862
2023-10-31,124.664
2023-11-01,119.445
2023-11-02,134.305
2023-11-03,129.768
2023-11-04,131.629
2023-11-05,125.359
2023-11-06,138.988
2023-11-07,141.653
2023-11-08,147.635
2023-11-09,154.224
2023-11-10,160.616
2023-11-11,154.873
2023-11-12,159.16
2023-11-13,139.757
2023-11-14,141.318
2023-11-15,149.493
2023-11-16,167.015
2023-11-17,157.838
2023-11-18,124.986
2023-11-19,122.518
2023-11-20,138.129
2023-11-21,149.221
2023-11-22,153.027
2023-11-23,137.11
2023-11-24,168.196
2023-11-25,189.998
2023-11-26,188.869
2023-11-27,181.865
2023-11-28,194.616
2023-11-29,217.442
2023-11-30,238.276
2023-12-01,246.474
2023-12-02,243.987
2023-12-03,212.487
2023-12-04,205.672
2023-12-05,203.395
2023-12-06,222.508
2023-12-07,202.962
2023-12-08,174.137
2023-12-09,159.136
2023-12-10,159.192
2023-12-11,166.589
2023-12-12,166.198
2023-12-13,184.976
2023-12-14,190.544
2023-12-15,174.832
2023-12-16,146.807
2023-12-17,144.703
2023-12-18,142.75
2023-12-19,155.77
2023-12-20,164.889
2023-12-21,153.983
2023-12-22,149.28
2023-12-23,134.773
2023-12-24,119.417
2023-12-25,120.672
2023-12-26,147.98
2023-12-27,153.031
2023-12-28,151.603
2023-12-29,161.766
2023-12-30,158.09
2023-12-31,157.901
2024-01-01,156.131
2024-01-02,154.34
2024-01-03,162.677
2024-01-04,175.956
2024-01-05,182.105
2024-01-06,184.681
2024-01-07,205.643
2024-01-08,237.081
2024-01-09,239.271
2024-01-10,236.622
2024-01-11,226.207
2024-01-12,215.162
2024-01-13,200.184
2024-01-14,205.637
2024-01-15,243.902
2024-01-16,250.012
2024-01-17,255.258
2024-01-18,268.598
2024-01-19,247.882
2024-01-20,217.429
2024-01-21,180.957
2024-01-22,180.224
2024-01-23,183.6
2024-01-24,165.7
2024-01-25,165.551
2024-01-26,168.951
2024-01-27,177.163
2024-01-28,165.575
2024-01-29,159.506
2024-01-30,174.398
2024-01-31,190.126
2024-02-01,180.019
2024-02-02,158.315
2024-02-03,136.359
2024-02-04,141.566
2024-02-05,155.09
2024-02-06,158.233
2024-02-07,186.836
2024-02-08,199.732
2024-02-09,170.715
2024-02-10,151.628
2024-02-11,158.294
2024-02-12,176.101
2024-02-13,176.176
2024-02-14,147.373
2024-02-15,123.614
2024-02-16,129.555
2024-02-17,127.637
2024-02-18,120.423
2024-02-19,142.814
2024-02-20,151.535
2024-02-21,154.267
2024-02-22,174.029
2024-02-23,182.02
2024-02-24,177.581
2024-02-25,184.593
2024-02-26,195.187
2024-02-27,192.707
2024-02-28,171.065
2024-02-29,164.256
2024-03-01,193.028
2024-03-02,183.849
2024-03-03,177.501
2024-03-04,181.669
2024-03-05,167.691
2024-03-06,169.271
2024-03-07,176.284
2024-03-08,175.388
2024-03-09,156.164
2024-03-10,159.702
2024-03-11,174.213
2024-03-12,156.766
2024-03-13,138.676
2024-03-14,134.492
2024-03-15,129.463
2024-03-16,133.202
2024-03-17,119.578
2024-03-18,121.934
2024-03-19,119.852
2024-03-20,121.026
2024-03-21,128.419
2024-03-22,135.101
2024-03-23,147.042
2024-03-24,136.862
2024-03-25,154.59
2024-03-26,141.334
2024-03-27,154.022
2024-03-28,159.489
2024-03-29,133.438
2024-03-30,108.584
2024-03-31,118.686
2024-04-01,126.254
2024-04-02,126.953
2024-04-03,126.452
2024-04-04,124.361
2024-04-05,104.068
2024-04-06,85.784
2024-04-07,96.232
2024-04-08,108.318
2024-04-09,129.966
2024-04-10,134.399
2024-04-11,94.844
2024-04-12,85.243
2024-04-13,84.216
2024-04-14,99.762
2024-04-15,126.907
2024-04-16,125.824
2024-04-17,134.536
2024-04-18,133.127
2024-04-19,119.051
2024-04-20,114.903
2024-04-21,114.729
2024-04-22,134.795
2024-04-23,129.348
2024-04-24,133.702
2024-04-25,139.916
2024-04-26,130.027
2024-04-27,127.506
2024-04-28,125.017
2024-04-29,115.243
2024-04-30,92.283
2024-05-01,84.451
2024-05-02,86.499
2024-05-03,100.094
2024-05-04,84.869
2024-05-05,76.053
2024-05-06,80.005
2024-05-07,74.284
2024-05-08,68.661
2024-05-09,63.861
2024-05-10,56.541
2024-05-11,50.657
2024-05-12,49.954
2024-05-13,59.04
2024-05-14,62.064
2024-05-15,63.332
2024-05-16,65.891
2024-05-17,58.042
2024-05-18,52.615
2024-05-19,53.379
2024-05-20,59.3
2024-05-21,65.99
2024-05-22,70.485
2024-05-23,75.887
2024-05-24,73.873
2024-05-25,55.829
2024-05-26,57.802
2024-05-27,61.045
2024-05-28,68.147
2024-05-29,64.017
2024-05-30,64.65
2024-05-31,68.938
2024-06-01,59.855
2024-06-02,53.39
2024-06-03,59.062
2024-06-04,62.68
2024-06-05,68.225
2024-06-06,67.173
2024-06-07,62.721
2024-06-08,57.673
2024-06-09,66.731
2024-06-10,71.389
2024-06-11,76.904
2024-06-12,73.92
2024-06-13,76.648
2024-06-14,66.28
2024-06-15,65.761
2024-06-16,60.194
2024-06-17,60.094
2024-06-18,60.727
2024-06-19,59.177
2024-06-20,55.113
2024-06-21,51.372
2024-06-22,45.869
2024-06-23,46.576
2024-06-24,49.537
2024-06-25,50.149
2024-06-26,48.958
2024-06-27,49.39
2024-06-28,50.722
2024-06-29,47.357
2024-06-30,50.269
2024-07-01,57.772
2024-07-02,58.019
2024-07-03,60.765
2024-07-04,58.491
2024-07-05,55.253
2024-07-06,53.188
2024-07-07,54.483
2024-07-08,54.874
2024-07-09,56.359
2024-07-10,56.009
2024-07-11,60.184
2024-07-12,56.804
2024-07-13,54.661
2024-07-14,52.126
2024-07-15,56.454
2024-07-16,59.647
2024-07-17,54.115
2024-07-18,51.356
2024-07-19,45.036
2024-07-20,40.971
2024-07-21,44.637
2024-07-22,49.139
2024-07-23,51.257
2024-07-24,48.661
2024-07-25,49.64
2024-07-26,49.129
2024-07-27,44.095
2024-07-28,40.674
2024-07-29,43.38
2024-07-30,46.736
2024-07-31,44.932
2024-08-01,46.16
2024-08-02,43.384
2024-08-03,41.016
2024-08-04,42.408
2024-08-05,43.838
2024-08-06,46.987
2024-08-07,47.513
2024-08-08,47.978
2024-08-09,46.902
2024-08-10,43.978
2024-08-11,41.361
2024-08-12,44.592
2024-08-13,47.728
2024-08-14,49.275
2024-08-15,48.522
2024-08-16,49.98
2024-08-17,45.866
2024-08-18,44.342
2024-08-19,51.22
2024-08-20,51.5
2024-08-21,54.485
2024-08-22,53.37
2024-08-23,50.284
2024-08-24,48.568
2024-08-25,51.24
2024-08-26,49.302
2024-08-27,52.015
2024-08-28,53.937
2024-08-29,52.627
2024-08-30,50.78
2024-08-31,45.015
2024-09-01,45.758
2024-09-02,49.304
2024-09-03,50.908
2024-09-04,54.145
2024-09-05,58.769
2024-09-06,49.489
2024-09-07,47.163
2024-09-08,47.296
2024-09-09,56.623
2024-09-10,65.494
2024-09-11,76.845
2024-09-12,83.604
2024-09-13,81.744
2024-09-14,63.218
2024-09-15,63.734
2024-09-16,65.218
2024-09-17,62.654
2024-09-18,59.121
2024-09-19,59.843
2024-09-20,58.146
2024-09-21,55.573
2024-09-22,60.884
2024-09-23,69.084
2024-09-24,72.56
2024-09-25,81.499
2024-09-26,82.699
2024-09-27,96.183
2024-09-28,97.641
2024-09-29,103.429
2024-09-30,101.302
2024-10-01,103.078
2024-10-02,96.284
2024-10-03,99.177
2024-10-04,101.01
2024-10-05,83.85
2024-10-06,86.616
2024-10-07,83.622
2024-10-08,83.315
2024-10-09,91.767
2024-10-10,114.929
2024-10-11,125.809
2024-10-12,115.538
2024-10-13,136.507
2024-10-14,133.422
2024-10-15,113.661
2024-10-16,90.637
2024-10-17,86.417
2024-10-18,94.941
2024-10-19,82.517
2024-10-20,92.687
2024-10-21,106.935
2024-10-22,105.711
2024-10-23,103.539
2024-10-24,99.018
2024-10-25,95.349
2024-10-26,99.717
2024-10-27,104.413
2024-10-28,101.412
2024-10-29,95.495
2024-10-30,104.789
2024-10-31,106.491
2024-11-01,112.175
2024-11-02,103.448
2024-11-03,108.701
2024-11-04,122.778
2024-11-05,129.05
2024-11-06,123.417
2024-11-07,129.07
2024-11-08,139.296
2024-11-09,135.66
2024-11-10,129.74
2024-11-11,138.386
2024-11-12,157.35
2024-11-13,149.566
2024-11-14,139.314
2024-11-15,146.901
2024-11-16,138.066
2024-11-17,150.284
2024-11-18,181.799
2024-11-19,208.718
2024-11-20,228.212
2024-11-21,236.088
2024-11-22,221.414
2024-11-23,177.348
2024-11-24,125.923
2024-11-25,156.06
2024-11-26,178.988
2024-11-27,195.686
2024-11-28,219.617
2024-11-29,180.406
2024-11-30,133.741
2024-12-01,124.27
2024-12-02,162.49
2024-12-03,192.169
2024-12-04,189.995
2024-12-05,156.063
2024-12-06,175.009
2024-12-07,182.188
2024-12-08,187.686
2024-12-09,195.109
2024-12-10,204.46
2024-12-11,209.851
2024-12-12,201.819
2024-12-13,195.284
2024-12-14,173.603
2024-12-15,151.036
2024-12-16,154.302
2024-12-17,163.081
2024-12-18,143.994
2024-12-19,181.908
2024-12-20,186.854
2024-12-21,166.291
2024-12-22,189.816
2024-12-23,185.835
2024-12-24,140.195
2024-12-25,128.413
2024-12-26,145.286
2024-12-27,168.954
2024-12-28,170.512
2024-12-29,162.1
2024-12-30,157.424
2024-12-31,152.68
2025-01-01,158.153
2025-01-02,217.804
2025-01-03,232.245
2025-01-04,226.008
2025-01-05,200.834
2025-01-06,214.668
2025-01-07,232.656
2025-01-08,265.786
2025-01-09,256.66
2025-01-10,271.545
2025-01-11,251.606
2025-01-12,232.549
2025-01-13,220.056
2025-01-14,190.703
2025-01-15,174.55
2025-01-16,194.448
2025-01-17,194.016
2025-01-18,203.696
2025-01-19,218.328
2025-01-20,224.132
2025-01-21,214.516
2025-01-22,217.236
2025-01-23,211.268
2025-01-24,191.92
2025-01-25,190.362
2025-01-26,203.592
2025-01-27,195.685
2025-01-28,187.056
2025-01-29,194.109
2025-01-30,208.825
2025-01-31,199.155
2025-02-01,189.901
2025-02-02,188.64
2025-02-03,191.816
2025-02-04,183.347
2025-02-05,200.321
2025-02-06,208.45
2025-02-07,224.441
2025-02-08,208.16
2025-02-09,202.826
2025-02-10,222.936
2025-02-11,223.306
2025-02-12,216.759
2025-02-13,223.968
2025-02-14,222.891
2025-02-15,208.33
2025-02-16,211.231
2025-02-17,230.417
2025-02-18,220.646
2025-02-19,211.286
2025-02-20,160.668
2025-02-21,138.845
2025-02-22,130.256
2025-02-23,155.772
2025-02-24,144.893
2025-02-25,164.611
2025-02-26,184.924
2025-02-27,181.078
2025-02-28,184.208
2025-03-01,174.295
2025-03-02,171.964
2025-03-03,172.715
2025-03-04,164.768
2025-03-05,157.157
2025-03-06,138.38
2025-03-07,123.644
2025-03-08,104.15
2025-03-09,109.812
2025-03-10,141.575
2025-03-11,167.372
2025-03-12,184.243
2025-03-13,195.775
2025-03-14,184.523
2025-03-15,171.375
2025-03-16,171.336
2025-03-17,186.039
2025-03-18,168.433
2025-03-19,152.555
2025-03-20,116.607
2025-03-21,115.22
2025-03-22,103.342
2025-03-23,122.717
2025-03-24,130.363
2025-03-25,128.785
2025-03-26,112.118
2025-03-27,111.322
2025-03-28,119.019
2025-03-29,121.175
2025-03-30,100.836
2025-03-31,106.227
2025-04-01,104.278
2025-04-02,105.283
2025-04-03,99.859
2025-04-04,89.702
2025-04-05,93.528
2025-04-06,96.306
2025-04-07,104.314
2025-04-08,103.821
2025-04-09,110.343
2025-04-10,98.115
2025-04-11,82.136
2025-04-12,67.491
2025-04-13,77.897
2025-04-14,97.584
2025-04-15,102.405
2025-04-16,113.182
2025-04-17,103.706
2025-04-18,100.977
2025-04-19,92.755
2025-04-20,90.486
2025-04-21,98.796
2025-04-22,90.398
2025-04-23,99.448
2025-04-24,92.794
2025-04-25,92.096
2025-04-26,80.929
2025-04-27,69.09
2025-04-28,65.306
2025-04-29,61.179
2025-04-30,57.292
2025-05-01,53.768
2025-05-02,54.731
2025-05-03,55.478
2025-05-04,70.268
2025-05-05,89.359
2025-05-06,88.11
2025-05-07,82.824
2025-05-08,83.803
2025-05-09,70.433
2025-05-10,54.457
2025-05-11,51.148
2025-05-12,54.941
2025-05-13,55.934
2025-05-14,58.196
2025-05-15,70.313
2025-05-16,60.848
2025-05-17,55.787
2025-05-18,57.003
2025-05-19,62.129
2025-05-20,58.896
2025-05-21,59.688
2025-05-22,66.122
2025-05-23,60.823
2025-05-24,51.117
2025-05-25,52.356
2025-05-26,60.399
2025-05-27,69.331
2025-05-28,60.255
2025-05-29,54.684
2025-05-30,51.807
2025-05-31,47.85
2025-06-01,49.976
2025-06-02,54.526
2025-06-03,60.148
2025-06-04,61.47
2025-06-05,64.524
2025-06-06,61.89
2025-06-07,61.777
2025-06-08,60.95
2025-06-09,63.471
2025-06-10,58.043
2025-06-11,53.39
2025-06-12,51.213
2025-06-13,46.454
2025-06-14,43.422
2025-06-15,44.679
2025-06-16,49.662
2025-06-17,49.021
2025-06-18,50.692
2025-06-19,46.131
2025-06-20,42.922
2025-06-21,38.327
2025-06-22,39.102
2025-06-23,46.833
2025-06-24,46.952
2025-06-25,50.093
2025-06-26,45.71
2025-06-27,45.053
2025-06-28,38.377
2025-06-29,41.528
2025-06-30,45.993
2025-07-01,48.39
2025-07-02,48.097
2025-07-03,49.192
2025-07-04,46.66
2025-07-05,40.64
2025-07-06,44.751
2025-07-07,47.357
2025-07-08,46.715
2025-07-09,45.254
2025-07-10,44.13
2025-07-11,39.067
2025-07-12,33.943
2025-07-13,36.054
2025-07-14,41.919
2025-07-15,45.873
2025-07-16,46.641
2025-07-17,46.931
2025-07-18,44.289
2025-07-19,40.979
2025-07-20,44.057
2025-07-21,44.947
2025-07-22,47.248
2025-07-23,47.609
2025-07-24,47.472
2025-07-25,44.495
2025-07-26,39.554
2025-07-27,41.626
2025-07-28,46.333
2025-07-29,44.898
2025-07-30,44.653
2025-07-31,46.304
2025-08-01,46.207
2025-08-02,40.053
2025-08-03,41.736
2025-08-04,45.923
2025-08-05,48.264
2025-08-06,46.889
2025-08-07,47.22
2025-08-08,47.913
2025-08-09,42.276
2025-08-10,40.98
2025-08-11,45.548
2025-08-12,44.508
2025-08-13,44.2
2025-08-14,44.022
2025-08-15,41.416
2025-08-16,38.751
2025-08-17,40.557
2025-08-18,49.464
2025-08-19,47.118
2025-08-20,50.687
2025-08-21,51.267
2025-08-22,53.411
2025-08-23,43.851
2025-08-24,41.599
2025-08-25,43.402
2025-08-26,47.173
2025-08-27,46.551
2025-08-28,47.142
2025-08-29,46.962
2025-08-30,42.972
2025-08-31,43.674
2025-09-01,49.343
2025-09-02,52.517
2025-09-03,53.136
2025-09-04,55.791
2025-09-05,52.294
2025-09-06,43.252
2025-09-07,45.131
2025-09-08,53.418
2025-09-09,55.384
2025-09-10,54.476
2025-09-11,59.582
2025-09-12,61.718
2025-09-13,58.812
2025-09-14,69.966
2025-09-15,68.17
2025-09-16,65.151
2025-09-17,66.853
2025-09-18,57.928
2025-09-19,55.064
2025-09-20,56.366
2025-09-21,67.461
2025-09-22,82.689
2025-09-23,87.574
2025-09-24,80.446
2025-09-25,76.237
2025-09-26,82.262
2025-09-27,73.776
2025-09-28,74.491
2025-09-29,85.221
2025-09-30,77.326
2025-10-01,76.655
2025-10-02,76.075
2025-10-03,77.55
2025-10-04,83.977
2025-10-05,85.897
2025-10-06,76.246
2025-10-07,78.738
2025-10-08,83.576
2025-10-09,88.248
2025-10-10,85.366
2025-10-11,82.143
2025-10-12,93.51
2025-10-13,97.015
2025-10-14,101.18
2025-10-15,106.494
2025-10-16,102.744
2025-10-17,99.856
2025-10-18,94.915
2025-10-19,93.874
2025-10-20,92.497
2025-10-21,95.797
2025-10-22,106.734
2025-10-23,124.924
2025-10-24,130.787
2025-10-25,127.823
2025-10-26,139.661
2025-10-27,125.461
2025-10-28,113.942
2025-10-29,124.748
2025-10-30,135.379
2025-10-31,108.663
2025-11-01,106.404
2025-11-02,121.332
2025-11-03,114.1
2025-11-04,101.881
2025-11-05,93.781
2025-11-06,93.809
2025-11-07,98.119
2025-11-08,97.637
2025-11-09,114.786
2025-11-10,118.727
2025-11-11,125.137
2025-11-12,106.212
2025-11-13,108.613
2025-11-14,133.596
2025-11-15,125.269
2025-11-16,143.995
2025-11-17,180.722
2025-11-18,197.261
2025-11-19,217.765
2025-11-20,237.078
2025-11-21,228.147
2025-11-22,188.082
2025-11-23,169.644
2025-11-24,191.9
2025-11-25,203.895
2025-11-26,208.879
2025-11-27,148.37
2025-11-28,156.193
2025-11-29,157.231
2025-11-30,178.254
2025-12-01,166.157
2025-12-02,166.857
2025-12-03,183.276
2025-12-04,187.36
2025-12-05,194.363
2025-12-06,149.349
2025-12-07,145.754
2025-12-08,145.922
2025-12-09,139.918
2025-12-10,148.474
2025-12-11,154.59
2025-12-12,157.549
2025-12-13,165.13
2025-12-14,153.714
2025-12-15,155.672
2025-12-16,172.422
2025-12-17,186.352
2025-12-18,161.284
2025-12-19,166.475
2025-12-20,170.28
2025-12-21,153.444
2025-12-22,153.678
2025-12-23,168.96
2025-12-24,185.211
2025-12-25,188.221
2025-12-26,187.942
2025-12-27,184.614
2025-12-28,177.77
2025-12-29,190.149
2025-12-30,198.888
2025-12-31,218.129
2026-01-01,203.658
2026-01-02,229.489
2026-01-03,241.296
2026-01-04,251.111
2026-01-05,275.922
2026-01-06,271.451
2026-01-07,234.587
2026-01-08,243.636
2026-01-09,238.598
2026-01-10,232.441
2026-01-11,217.115
2026-01-12,181.031
2026-01-13,186.344
2026-01-14,213.475
2026-01-15,199.79
2026-01-16,194.909
2026-01-17,175.282
2026-01-18,176.843
2026-01-19,183.308
2026-01-20,180.613
2026-01-21,185.777
2026-01-22,182.148
2026-01-23,189.005
2026-01-24,178.591
2026-01-25,185.211
2026-01-26,211.44
2026-01-27,207.394
2026-01-28,201.64
2026-01-29,216.653
2026-01-30,197.881
2026-01-31,172.49
2026-02-01,169.777
2026-02-02,187.595
2026-02-03,216.327
2026-02-04,196.336
2026-02-05,204.847
2026-02-06,191.284
2026-02-07,167.692
2026-02-08,160.503
2026-02-09,173.541
2026-02-10,169.399
2026-02-11,162.251
2026-02-12,177.676
2026-02-13,203.013
2026-02-14,202.349
2026-02-15,197.705
2026-02-16,195.668
2026-02-17,212.513
2026-02-18,225.27
2026-02-19,218.032
2026-02-20,186.139
2026-02-21,145.752
2026-02-22,131.242
2026-02-23,151.866
2026-02-24,130.233
2026-02-25,126.503
2026-02-26,137.897
2026-02-27,139.778
2026-02-28,149.175
2026-03-01,143.287
2026-03-02,133.438
2026-03-03,141.957
2026-03-04,143.476
2026-03-05,131.963
2026-03-06,160.504
2026-03-07,152.848
2026-03-08,147.769
2026-03-09,147.173
2026-03-10,139.957
2026-03-11,137.091
2026-03-12,157.893
2026-03-13,166.716
2026-03-14,151.345
2026-03-15,155.952
2026-03-16,161.027
2026-03-17,121.708
2026-03-18,107.728
2026-03-19,113.834
2026-03-20,122.453
2026-03-21,115.146
2026-03-22,128.165
2026-03-23,131.997
2026-03-24,135.562
2026-03-25,166.315
2026-03-26,155.948
2026-03-27,143.469
2026-03-28,141.396
2026-03-29,157.339
2026-03-30,145.098
2026-03-31,118.129
2026-04-01,120.951
2026-04-02,122.094
2026-04-03,115.628
2026-04-04,115.761
2026-04-05,116.177
2026-04-06,110.347
2026-04-07,90.99
2026-04-08,77.176
2026-04-09,90.607
2026-04-10,112.355
2026-04-11,113.406
2026-04-12,112.56
2026-04-13,119.783
2026-04-14,114.515
2026-04-15,99.23
2026-04-16,93.395
2026-04-17,92.534
2026-04-18,86.725
2026-04-19,92.925
2026-04-20,105.378
2026-04-21,107.007
2026-04-22,100.9
2026-04-23,95.238
2026-04-24,85.783
2026-04-25,72.896
2026-04-26,72.462
2026-04-27,74.308
2026-04-28,87.511
2026-04-29,82.084
2026-04-30,71.535
2026-05-01,64.677
2026-05-02,59.226
2026-05-03,68.795
2026-05-04,75.982
2026-05-05,84.986
2026-05-06,90.952
2026-05-07,94.463
2026-05-08,79.511
2026-05-09,71.087
2026-05-10,80.946
2026-05-11,102.642
2026-05-12,97.016
2026-05-13,103.781
2026-05-14,104.112
2026-05-15,99.822
2026-05-16,95.208
2026-05-17,83.914
2026-05-18,90.066
2026-05-19,83.001
2026-05-20,75.097
2026-05-21,66.339
2026-05-22,51.633
2026-05-23,44.93
2026-05-24,41.601
2026-05-25,41.789
2026-05-26,45.351
2026-05-27,44.372
2026-05-28,43.748
2026-05-29,45.953
2026-05-30,41.498
2026-05-31,44.97
2026-06-01,50.804
2026-06-02,53.238
2026-06-03,54.002
2026-06-04,54.577
2026-06-05,55.689
2026-06-06,56.622
2026-06-07,55.232
2026-06-08,61.707
2026-06-09,62.625
2026-06-10,65.221
2026-06-11,76.389
2026-06-12,56.314
2026-06-13,51.619
2026-06-14,50.685
2026-06-15,55.73
2026-06-16,55.375
2026-06-17,52.026
2026-06-18,50.184
2026-06-19,44.801
2026-06-20,42.075
2026-06-21,39.385
2026-06-22,46.045
2026-06-23,47.414
2026-06-24,45.019
2026-06-25,41.717
2026-06-26,41.226
2026-06-27,37.195
2026-06-28,38.88
2026-06-29,47.237
2026-06-30,47.503
2026-07-01,45.025
2026-07-02,44.148
2026-07-03,42.302
2026-07-04,37.319
2026-07-05,38.712
2026-07-06,39.537
2026-07-07,42.94
2026-07-08,43.593
2026-07-09,42.72
2026-07-10,38.095
2026-07-11,33.195
2026-07-12,32.661
2026-07-13,40.875
2026-07-14,41.792
2026-07-15,44.145
2026-07-16,45.314
2026-07-17,42.672
2026-07-18,36.778
2026-07-19,36.718
2026-07-20,41.104
2026-07-21,42.072
2026-07-22,41.165
2026-07-23,39.483
2026-07-24,40.294
2026-07-25,35.105
2026-07-26,35.349
2026-07-27,39.155
2026-07-28,39.291
2026-07-29,41.792
2026-07-30,39.92
2026-07-31,38.811
2026-08-01,34.736
2026-08-02,34.577
2026-08-03,35.679
2026-08-04,38.189
2026-08-05,40.439
2026-08-06,41.18
2026-08-07,40.282
2026-08-08,34.59
2026-08-09,35.347
2026-08-10,38.919
2026-08-11,40.013
2026-08-12,36.58
2026-08-13,36.772
2026-08-14,35.92
2026-08-15,34.266
2026-08-16,36.708
2026-08-17,41.668
2026-08-18,40.553
2026-08-19,43.132
2026-08-20,44.322
2026-08-21,44.208
2026-08-22,39.914
2026-08-23,40.155
2026-08-24,42.884
2026-08-25,41.942
2026-08-26,41.494
2026-08-27,45.086
2026-08-28,39.637
2026-08-29,37.28
2026-08-30,37.738
2026-08-31,40.613
2026-09-01,46.167
2026-09-02,45.753
2026-09-03,43.386
2026-09-04,44.144
2026-09-05,41.401
2026-09-06,40.527
2026-09-07,44.742
2026-09-08,51.289
2026-09-09,51.925
2026-09-10,54.407
2026-09-11,49.142
2026-09-12,43.674
2026-09-13,42.183
2026-09-14,43.241
2026-09-15,44.775
2026-09-16,50.828
2026-09-17,51.547
2026-09-18,53.6
2026-09-19,43.956
2026-09-20,45.89
2026-09-21,51.7
2026-09-22,46.826
2026-09-23,47.733
2026-09-24,53.54
2026-09-25,52.639
2026-09-26,50.65
2026-09-27,51.992
