gas_day,gwh
2021-10-01,1032.931
2021-10-02,983.804
2021-10-03,993.625
2021-10-04,1090.623
2021-10-05,1103.787
2021-10-06,1124.952
2021-10-07,1143.238
2021-10-08,1150.06
2021-10-09,1097.778
2021-10-10,1108.701
2021-10-11,1228.08
2021-10-12,1239.398
2021-10-13,1265.522
2021-10-14,1291.702
2021-10-15,1311.542
2021-10-16,1253.632
2021-10-17,1259.221
2021-10-18,1374.538
2021-10-19,1402.759
2021-10-20,1415.964
2021-10-21,1429.225
2021-10-22,1446.393
2021-10-23,1379.472
2021-10-24,1388.736
2021-10-25,1523.293
2021-10-26,1542.813
2021-10-27,1574.73
2021-10-28,1603.738
2021-10-29,1613.731
2021-10-30,1537.136
2021-10-31,1551.771
2021-11-01,1686.066
2021-11-02,1701.076
2021-11-03,1721.83
2021-11-04,1746.198
2021-11-05,1767.236
2021-11-06,1674.21
2021-11-07,1682.832
2021-11-08,1828.627
2021-11-09,1849.267
2021-11-10,1866.268
2021-11-11,1889.513
2021-11-12,1905.275
2021-11-13,1797.506
2021-11-14,1801.395
2021-11-15,1955.846
2021-11-16,1985.108
2021-11-17,2010.596
2021-11-18,2051.265
2021-11-19,2068.242
2021-11-20,1956.948
2021-11-21,1956.731
2021-11-22,2109.767
2021-11-23,2122.461
2021-11-24,2129.856
2021-11-25,2143.309
2021-11-26,2156.025
2021-11-27,2037.618
2021-11-28,2039.761
2021-11-29,2207.866
2021-11-30,2233.25
2021-12-01,2254.04
2021-12-02,2270.405
2021-12-03,2272.011
2021-12-04,2145.989
2021-12-05,2131.011
2021-12-06,2279.43
2021-12-07,2282.352
2021-12-08,2290.71
2021-12-09,2307.43
2021-12-10,2316.762
2021-12-11,2196.159
2021-12-12,2194.201
2021-12-13,2361.645
2021-12-14,2373.178
2021-12-15,2379.057
2021-12-16,2388.96
2021-12-17,2398.779
2021-12-18,2261.11
2021-12-19,2248.03
2021-12-20,2307.792
2021-12-21,2313.277
2021-12-22,2313.184
2021-12-23,2310.306
2021-12-24,2247.854
2021-12-25,2029.01
2021-12-26,2189.56
2021-12-27,2204.626
2021-12-28,2217.109
2021-12-29,2305.735
2021-12-30,2306.731
2021-12-31,2306.642
2022-01-01,2217.124
2022-01-02,2216.542
2022-01-03,2220.933
2022-01-04,2436.968
2022-01-05,2478.323
2022-01-06,2478.424
2022-01-07,2481.091
2022-01-08,2347.824
2022-01-09,2335.539
2022-01-10,2505.644
2022-01-11,2514.907
2022-01-12,2528.12
2022-01-13,2531.308
2022-01-14,2531.455
2022-01-15,2389.011
2022-01-16,2370.401
2022-01-17,2532.039
2022-01-18,2535.593
2022-01-19,2539.445
2022-01-20,2536.162
2022-01-21,2530.92
2022-01-22,2377.501
2022-01-23,2347.151
2022-01-24,2497.056
2022-01-25,2490.514
2022-01-26,2485.215
2022-01-27,2480.629
2022-01-28,2479.957
2022-01-29,2339.662
2022-01-30,2320.571
2022-01-31,2477.128
2022-02-01,2473.993
2022-02-02,2470.491
2022-02-03,2468.015
2022-02-04,2471.147
2022-02-05,2331.874
2022-02-06,2314.964
2022-02-07,2477.674
2022-02-08,2481.954
2022-02-09,2481.581
2022-02-10,2484.164
2022-02-11,2484.513
2022-02-12,2336.856
2022-02-13,2307.227
2022-02-14,2454.04
2022-02-15,2438.387
2022-02-16,2426.271
2022-02-17,2419.486
2022-02-18,2410.935
2022-02-19,2263.916
2022-02-20,2241.587
2022-02-21,2386.7
2022-02-22,2373.933
2022-02-23,2364.394
2022-02-24,2357.375
2022-02-25,2347.568
2022-02-26,2206.008
2022-02-27,2162.899
2022-02-28,2306.315
2022-03-01,2279.077
2022-03-02,2266.25
2022-03-03,2271.126
2022-03-04,2254.77
2022-03-05,2111.141
2022-03-06,2077.392
2022-03-07,2207.398
2022-03-08,2191.736
2022-03-09,2177.026
2022-03-10,2162.896
2022-03-11,2151.003
2022-03-12,2019.571
2022-03-13,1990.307
2022-03-14,2119.395
2022-03-15,2110.024
2022-03-16,2104.167
2022-03-17,2094.884
2022-03-18,2072.43
2022-03-19,1939.231
2022-03-20,1906.68
2022-03-21,2021.605
2022-03-22,2007.9
2022-03-23,1990.781
2022-03-24,1972.169
2022-03-25,1950.244
2022-03-26,1816.789
2022-03-27,1781.491
2022-03-28,1887.07
2022-03-29,1863.757
2022-03-30,1845.597
2022-03-31,1838.399
2022-04-01,1807.482
2022-04-02,1687.801
2022-04-03,1665.093
2022-04-04,1770.643
2022-04-05,1755.828
2022-04-06,1739.099
2022-04-07,1711.897
2022-04-08,1696.129
2022-04-09,1569.989
2022-04-10,1541.152
2022-04-11,1645.695
2022-04-12,1627.977
2022-04-13,1597.185
2022-04-14,1576.795
2022-04-15,1520.797
2022-04-16,1481.81
2022-04-17,1468.835
2022-04-18,1478.795
2022-04-19,1500.116
2022-04-20,1489.353
2022-04-21,1473.42
2022-04-22,1446.906
2022-04-23,1348.539
2022-04-24,1325.337
2022-04-25,1411.005
2022-04-26,1404.845
2022-04-27,1399.451
2022-04-28,1383.413
2022-04-29,1360.899
2022-04-30,1263.951
2022-05-01,1240.274
2022-05-02,1218.14
2022-05-03,1267.588
2022-05-04,1248.738
2022-05-05,1229.584
2022-05-06,1212.599
2022-05-07,1133.979
2022-05-08,1117.217
2022-05-09,1181.969
2022-05-10,1165.145
2022-05-11,1155.543
2022-05-12,1140.834
2022-05-13,1127.605
2022-05-14,1039.621
2022-05-15,1025.284
2022-05-16,1097.839
2022-05-17,1088.06
2022-05-18,1074.041
2022-05-19,1057.185
2022-05-20,1027.105
2022-05-21,938.857
2022-05-22,913.699
2022-05-23,972.845
2022-05-24,956.072
2022-05-25,947.033
2022-05-26,937.611
2022-05-27,922.317
2022-05-28,850.356
2022-05-29,836.908
2022-05-30,827.299
2022-05-31,858.605
2022-06-01,846.921
2022-06-02,836.047
2022-06-03,829.397
2022-06-04,776.619
2022-06-05,766.436
2022-06-06,838.541
2022-06-07,830.219
2022-06-08,823.143
2022-06-09,819.122
2022-06-10,811.525
2022-06-11,742.501
2022-06-12,732.564
2022-06-13,786.02
2022-06-14,778.549
2022-06-15,776.86
2022-06-16,773.813
2022-06-17,754.788
2022-06-18,697.092
2022-06-19,689.724
2022-06-20,747.586
2022-06-21,743.009
2022-06-22,742.944
2022-06-23,738.453
2022-06-24,723.453
2022-06-25,673.142
2022-06-26,670.143
2022-06-27,730.15
2022-06-28,732.745
2022-06-29,730.107
2022-06-30,724.483
2022-07-01,711.962
2022-07-02,652.59
2022-07-03,646.265
2022-07-04,705.17
2022-07-05,695.737
2022-07-06,693.362
2022-07-07,692.247
2022-07-08,681.546
2022-07-09,627.05
2022-07-10,622.821
2022-07-11,682.224
2022-07-12,681.807
2022-07-13,676.948
2022-07-14,675.021
2022-07-15,667.227
2022-07-16,614.874
2022-07-17,610.219
2022-07-18,670.69
2022-07-19,667.458
2022-07-20,670.668
2022-07-21,664.897
2022-07-22,654.608
2022-07-23,605.918
2022-07-24,601.527
2022-07-25,654.764
2022-07-26,652.812
2022-07-27,652.289
2022-07-28,659.954
2022-07-29,645.231
2022-07-30,599.478
2022-07-31,597.545
2022-08-01,654.514
2022-08-02,652.643
2022-08-03,655.461
2022-08-04,652.391
2022-08-05,642.85
2022-08-06,597.976
2022-08-07,595.171
2022-08-08,654.649
2022-08-09,656.069
2022-08-10,662.706
2022-08-11,661.693
2022-08-12,653.752
2022-08-13,601.771
2022-08-14,598.721
2022-08-15,663.072
2022-08-16,664.392
2022-08-17,663.945
2022-08-18,669.374
2022-08-19,662.255
2022-08-20,620.991
2022-08-21,619.504
2022-08-22,679.665
2022-08-23,685.608
2022-08-24,687.459
2022-08-25,694.219
2022-08-26,685.871
2022-08-27,640.308
2022-08-28,639.285
2022-08-29,702.847
2022-08-30,708.639
2022-08-31,713.88
2022-09-01,717.973
2022-09-02,715.136
2022-09-03,659.758
2022-09-04,658.477
2022-09-05,726.068
2022-09-06,731.893
2022-09-07,743.245
2022-09-08,748.949
2022-09-09,744.881
2022-09-10,702.102
2022-09-11,703.412
2022-09-12,777.214
2022-09-13,788.105
2022-09-14,797.3
2022-09-15,817.941
2022-09-16,818.485
2022-09-17,770.986
2022-09-18,773.124
2022-09-19,859.895
2022-09-20,867.698
2022-09-21,874.206
2022-09-22,883.19
2022-09-23,893.745
2022-09-24,835.96
2022-09-25,842.699
2022-09-26,936.595
2022-09-27,948.692
2022-09-28,973.62
2022-09-29,996.698
2022-09-30,1005.867
2022-10-01,897.898
2022-10-02,910.226
2022-10-03,993.554
2022-10-04,1004.565
2022-10-05,1017.518
2022-10-06,1037.099
2022-10-07,1049.762
2022-10-08,1003.524
2022-10-09,1018.528
2022-10-10,1109.579
2022-10-11,1133.073
2022-10-12,1145.648
2022-10-13,1170.52
2022-10-14,1191.595
2022-10-15,1148.963
2022-10-16,1165.857
2022-10-17,1254.745
2022-10-18,1273.22
2022-10-19,1298.616
2022-10-20,1311.683
2022-10-21,1322.401
2022-10-22,1270.541
2022-10-23,1282.252
2022-10-24,1388.435
2022-10-25,1412.654
2022-10-26,1431.509
2022-10-27,1460.819
2022-10-28,1486.569
2022-10-29,1420.691
2022-10-30,1428.814
2022-10-31,1553.201
2022-11-01,1567.041
2022-11-02,1581.486
2022-11-03,1601.225
2022-11-04,1622.81
2022-11-05,1558.018
2022-11-06,1557.81
2022-11-07,1678.997
2022-11-08,1701.916
2022-11-09,1721.474
2022-11-10,1737.49
2022-11-11,1758.625
2022-11-12,1682.299
2022-11-13,1673.736
2022-11-14,1796.817
2022-11-15,1822.051
2022-11-16,1849.562
2022-11-17,1873.626
2022-11-18,1911.544
2022-11-19,1829.305
2022-11-20,1821.859
2022-11-21,1951.237
2022-11-22,1967.367
2022-11-23,1979.196
2022-11-24,1986.124
2022-11-25,2000.384
2022-11-26,1907.77
2022-11-27,1898.361
2022-11-28,2035.497
2022-11-29,2059.571
2022-11-30,2083.537
2022-12-01,2102.827
2022-12-02,2120.32
2022-12-03,2012.47
2022-12-04,1999.201
2022-12-05,2125.165
2022-12-06,2126.702
2022-12-07,2129.481
2022-12-08,2137.211
2022-12-09,2154.976
2022-12-10,2052.297
2022-12-11,2046.603
2022-12-12,2188.743
2022-12-13,2203.95
2022-12-14,2214.803
2022-12-15,2221.312
2022-12-16,2232.888
2022-12-17,2126.107
2022-12-18,2112.21
2022-12-19,2166.608
2022-12-20,2157.026
2022-12-21,2161.91
2022-12-22,2162.563
2022-12-23,2162.94
2022-12-24,2029.887
2022-12-25,1910.854
2022-12-26,2054.837
2022-12-27,2069.656
2022-12-28,2085.217
2022-12-29,2166.984
2022-12-30,2171.807
2022-12-31,2089.432
2023-01-01,2077.952
2023-01-02,2077.661
2023-01-03,2278.899
2023-01-04,2307.197
2023-01-05,2310.292
2023-01-06,2314.731
2023-01-07,2197.21
2023-01-08,2185.833
2023-01-09,2327.658
2023-01-10,2337.516
2023-01-11,2346.218
2023-01-12,2358.63
2023-01-13,2366.054
2023-01-14,2243.393
2023-01-15,2224.626
2023-01-16,2361.844
2023-01-17,2362.28
2023-01-18,2365.655
2023-01-19,2369.197
2023-01-20,2370.467
2023-01-21,2242.7
2023-01-22,2214.361
2023-01-23,2339.246
2023-01-24,2329.046
2023-01-25,2322.826
2023-01-26,2317.51
2023-01-27,2317.503
2023-01-28,2196.517
2023-01-29,2177.814
2023-01-30,2312.346
2023-01-31,2309.957
2023-02-01,2306.921
2023-02-02,2303.571
2023-02-03,2305.129
2023-02-04,2188.266
2023-02-05,2172.201
2023-02-06,2306.761
2023-02-07,2310.334
2023-02-08,2314.831
2023-02-09,2314.471
2023-02-10,2321.084
2023-02-11,2200.956
2023-02-12,2180.381
2023-02-13,2299.291
2023-02-14,2288.433
2023-02-15,2273.508
2023-02-16,2262.1
2023-02-17,2259.4
2023-02-18,2134.438
2023-02-19,2107.35
2023-02-20,2232.594
2023-02-21,2224.416
2023-02-22,2212.264
2023-02-23,2203.1
2023-02-24,2199.856
2023-02-25,2077.072
2023-02-26,2053.231
2023-02-27,2154.809
2023-02-28,2148.266
2023-03-01,2123.254
2023-03-02,2111.166
2023-03-03,2118.49
2023-03-04,1993.863
2023-03-05,1964.83
2023-03-06,2069.424
2023-03-07,2054.834
2023-03-08,2040.358
2023-03-09,2026.447
2023-03-10,2015.168
2023-03-11,1899.997
2023-03-12,1880.702
2023-03-13,1981.65
2023-03-14,1971.764
2023-03-15,1963.74
2023-03-16,1958.086
2023-03-17,1950.346
2023-03-18,1829.8
2023-03-19,1803.148
2023-03-20,1899.045
2023-03-21,1879.729
2023-03-22,1866.713
2023-03-23,1850.538
2023-03-24,1833.843
2023-03-25,1719.397
2023-03-26,1688.084
2023-03-27,1773.25
2023-03-28,1752.423
2023-03-29,1730.374
2023-03-30,1713.14
2023-03-31,1704.876
2023-04-01,1590.554
2023-04-02,1567.115
2023-04-03,1656.973
2023-04-04,1642.746
2023-04-05,1624.112
2023-04-06,1607.931
2023-04-07,1570.459
2023-04-08,1509.998
2023-04-09,1493.113
2023-04-10,1516.473
2023-04-11,1518.869
2023-04-12,1502.367
2023-04-13,1487.641
2023-04-14,1468.067
2023-04-15,1375.665
2023-04-16,1354.122
2023-04-17,1427.089
2023-04-18,1414.671
2023-04-19,1401.161
2023-04-20,1390.57
2023-04-21,1380.988
2023-04-22,1274.998
2023-04-23,1249.958
2023-04-24,1320.463
2023-04-25,1302.091
2023-04-26,1296.227
2023-04-27,1291.068
2023-04-28,1272.98
2023-04-29,1187.252
2023-04-30,1170.127
2023-05-01,1146.269
2023-05-02,1187.462
2023-05-03,1172.085
2023-05-04,1154.619
2023-05-05,1135.999
2023-05-06,1061.367
2023-05-07,1044.86
2023-05-08,1092.033
2023-05-09,1085.032
2023-05-10,1069.676
2023-05-11,1060.057
2023-05-12,1041.922
2023-05-13,977.358
2023-05-14,957.365
2023-05-15,1017.254
2023-05-16,1006.102
2023-05-17,996.694
2023-05-18,983.503
2023-05-19,962.446
2023-05-20,887.146
2023-05-21,862.756
2023-05-22,902.666
2023-05-23,887.82
2023-05-24,872.255
2023-05-25,863.599
2023-05-26,849.045
2023-05-27,792.983
2023-05-28,771.693
2023-05-29,765.042
2023-05-30,801.13
2023-05-31,782.601
2023-06-01,771.897
2023-06-02,762.022
2023-06-03,717.741
2023-06-04,718.856
2023-06-05,760.312
2023-06-06,760.307
2023-06-07,753.128
2023-06-08,746.711
2023-06-09,736.531
2023-06-10,692.81
2023-06-11,678.598
2023-06-12,728.603
2023-06-13,711.615
2023-06-14,704.48
2023-06-15,702.412
2023-06-16,692.525
2023-06-17,642.199
2023-06-18,636.972
2023-06-19,681.268
2023-06-20,675.37
2023-06-21,671.094
2023-06-22,670.655
2023-06-23,659.364
2023-06-24,614.211
2023-06-25,615.919
2023-06-26,662.345
2023-06-27,658.947
2023-06-28,660.993
2023-06-29,658.386
2023-06-30,646.063
2023-07-01,603.49
2023-07-02,594.427
2023-07-03,640.337
2023-07-04,634.878
2023-07-05,626.397
2023-07-06,624.065
2023-07-07,615.178
2023-07-08,575.904
2023-07-09,568.873
2023-07-10,612.802
2023-07-11,612.974
2023-07-12,612.383
2023-07-13,608.167
2023-07-14,598.869
2023-07-15,562.804
2023-07-16,558.724
2023-07-17,600.08
2023-07-18,601.812
2023-07-19,598.929
2023-07-20,601.594
2023-07-21,589.097
2023-07-22,551.453
2023-07-23,554.117
2023-07-24,596.07
2023-07-25,586.698
2023-07-26,584.886
2023-07-27,584.362
2023-07-28,583.315
2023-07-29,543.249
2023-07-30,544.613
2023-07-31,587.895
2023-08-01,586.933
2023-08-02,585.293
2023-08-03,587.548
2023-08-04,577.304
2023-08-05,541.111
2023-08-06,545.625
2023-08-07,585.084
2023-08-08,587.086
2023-08-09,588.341
2023-08-10,593.899
2023-08-11,585.476
2023-08-12,550.304
2023-08-13,549.174
2023-08-14,593.464
2023-08-15,593.286
2023-08-16,594.656
2023-08-17,594.593
2023-08-18,592.091
2023-08-19,557.424
2023-08-20,566.185
2023-08-21,612.53
2023-08-22,609.393
2023-08-23,614.694
2023-08-24,616.614
2023-08-25,615.342
2023-08-26,578.214
2023-08-27,580.407
2023-08-28,629.534
2023-08-29,630.866
2023-08-30,636.005
2023-08-31,640.621
2023-09-01,637.59
2023-09-02,604.068
2023-09-03,602.387
2023-09-04,647.881
2023-09-05,652.804
2023-09-06,658.249
2023-09-07,668.453
2023-09-08,666.792
2023-09-09,630.751
2023-09-10,641.477
2023-09-11,692.782
2023-09-12,700.54
2023-09-13,710.712
2023-09-14,719.546
2023-09-15,731.175
2023-09-16,695.932
2023-09-17,702.379
2023-09-18,761.644
2023-09-19,776.857
2023-09-20,784.2
2023-09-21,790.614
2023-09-22,792.957
2023-09-23,762.579
2023-09-24,761.152
2023-09-25,829.186
2023-09-26,848.131
2023-09-27,859.949
2023-09-28,882.959
2023-09-29,899.082
2023-09-30,862.687
2023-10-01,881.989
2023-10-02,962.797
2023-10-03,982.07
2023-10-04,992.935
2023-10-05,1005.732
2023-10-06,1021.091
2023-10-07,979.456
2023-10-08,985.605
2023-10-09,1076.085
2023-10-10,1097.252
2023-10-11,1120.549
2023-10-12,1132.949
2023-10-13,1154.566
2023-10-14,1113.262
2023-10-15,1128.395
2023-10-16,1230.394
2023-10-17,1241.389
2023-10-18,1259.733
2023-10-19,1285.003
2023-10-20,1296.031
2023-10-21,1237.145
2023-10-22,1248.13
2023-10-23,1352.919
2023-10-24,1374.643
2023-10-25,1398.726
2023-10-26,1417.502
2023-10-27,1445.837
2023-10-28,1393.345
2023-10-29,1396.289
2023-10-30,1507.213
2023-10-31,1539.006
2023-11-01,1552.819
2023-11-02,1567.282
2023-11-03,1587.318
2023-11-04,1522.846
2023-11-05,1532.284
2023-11-06,1643.459
2023-11-07,1665.108
2023-11-08,1687.993
2023-11-09,1707.565
2023-11-10,1725.004
2023-11-11,1652.61
2023-11-12,1655.654
2023-11-13,1766.276
2023-11-14,1783.593
2023-11-15,1808.831
2023-11-16,1836.352
2023-11-17,1862.89
2023-11-18,1798.956
2023-11-19,1801.606
2023-11-20,1923.296
2023-11-21,1938.685
2023-11-22,1954.939
2023-11-23,1966.935
2023-11-24,1977.401
2023-11-25,1884.397
2023-11-26,1880.591
2023-11-27,2005.391
2023-11-28,2024.415
2023-11-29,2048.609
2023-11-30,2072.719
2023-12-01,2096.969
2023-12-02,2000.549
2023-12-03,1986.024
2023-12-04,2113.846
2023-12-05,2116.233
2023-12-06,2118.026
2023-12-07,2121.065
2023-12-08,2133.604
2023-12-09,2035.594
2023-12-10,2027.359
2023-12-11,2165.799
2023-12-12,2181.75
2023-12-13,2197.164
2023-12-14,2208.163
2023-12-15,2219.601
2023-12-16,2110.138
2023-12-17,2101.016
2023-12-18,2235.116
2023-12-19,2241.679
2023-12-20,2232.286
2023-12-21,2237.263
2023-12-22,2152.219
2023-12-23,2018.331
2023-12-24,2021.301
2023-12-25,1902.521
2023-12-26,2046.726
2023-12-27,2061.789
2023-12-28,2160.595
2023-12-29,2158.928
2023-12-30,2080.899
2023-12-31,2082.837
2024-01-01,2064.057
2024-01-02,2260.65
2024-01-03,2293.227
2024-01-04,2297.303
2024-01-05,2306.542
2024-01-06,2186.019
2024-01-07,2169.011
2024-01-08,2310.484
2024-01-09,2318.359
2024-01-10,2328.272
2024-01-11,2337.031
2024-01-12,2355.949
2024-01-13,2235.514
2024-01-14,2215.414
2024-01-15,2352.609
2024-01-16,2353.669
2024-01-17,2354.224
2024-01-18,2357.697
2024-01-19,2367.948
2024-01-20,2241.097
2024-01-21,2216.1
2024-01-22,2342.595
2024-01-23,2332.084
2024-01-24,2322.071
2024-01-25,2316.011
2024-01-26,2317.077
2024-01-27,2191.889
2024-01-28,2171.537
2024-01-29,2305.194
2024-01-30,2306.206
2024-01-31,2303.952
2024-02-01,2301.052
2024-02-02,2304.011
2024-02-03,2181.032
2024-02-04,2164.277
2024-02-05,2300.004
2024-02-06,2301.506
2024-02-07,2305.178
2024-02-08,2309.244
2024-02-09,2315.279
2024-02-10,2196.581
2024-02-11,2177.054
2024-02-12,2308.599
2024-02-13,2294.388
2024-02-14,2283.703
2024-02-15,2268.969
2024-02-16,2263.641
2024-02-17,2138.95
2024-02-18,2112.382
2024-02-19,2233.02
2024-02-20,2228.843
2024-02-21,2220.823
2024-02-22,2208.838
2024-02-23,2205.314
2024-02-24,2083.35
2024-02-25,2056.665
2024-02-26,2176.921
2024-02-27,2152.171
2024-02-28,2145.765
2024-02-29,2145.834
2024-03-01,2127.884
2024-03-02,2004.34
2024-03-03,1990.792
2024-03-04,2101.349
2024-03-05,2086.975
2024-03-06,2069.796
2024-03-07,2055.332
2024-03-08,2045.359
2024-03-09,1924.041
2024-03-10,1890.357
2024-03-11,2000.311
2024-03-12,1994.925
2024-03-13,1978.871
2024-03-14,1969.113
2024-03-15,1964.97
2024-03-16,1855.305
2024-03-17,1830.471
2024-03-18,1927.865
2024-03-19,1914.179
2024-03-20,1897.172
2024-03-21,1877.993
2024-03-22,1868.13
2024-03-23,1753.215
2024-03-24,1721.567
2024-03-25,1813.44
2024-03-26,1793.667
2024-03-27,1766.789
2024-03-28,1746.013
2024-03-29,1709.412
2024-03-30,1640.699
2024-03-31,1632.22
2024-04-01,1661.723
2024-04-02,1663.359
2024-04-03,1653.156
2024-04-04,1638.959
2024-04-05,1624.953
2024-04-06,1528.965
2024-04-07,1492.283
2024-04-08,1577.017
2024-04-09,1559.677
2024-04-10,1535.659
2024-04-11,1526.631
2024-04-12,1510.549
2024-04-13,1414.529
2024-04-14,1384.863
2024-04-15,1458.794
2024-04-16,1445.181
2024-04-17,1430.088
2024-04-18,1417.75
2024-04-19,1403.805
2024-04-20,1314.838
2024-04-21,1298.226
2024-04-22,1351.785
2024-04-23,1333.471
2024-04-24,1321.721
2024-04-25,1303.507
2024-04-26,1296.399
2024-04-27,1220.088
2024-04-28,1196.754
2024-04-29,1261.485
2024-04-30,1243.338
2024-05-01,1218.328
2024-05-02,1195.282
2024-05-03,1177.812
2024-05-04,1093.331
2024-05-05,1075.936
2024-05-06,1061.394
2024-05-07,1104.468
2024-05-08,1087.481
2024-05-09,1080.468
2024-05-10,1065.21
2024-05-11,998.897
2024-05-12,986.213
2024-05-13,1042.689
2024-05-14,1026.866
2024-05-15,1020.468
2024-05-16,1009.433
2024-05-17,996.443
2024-05-18,927.136
2024-05-19,906.255
2024-05-20,949.13
2024-05-21,927.434
2024-05-22,906.317
2024-05-23,891.455
2024-05-24,871.392
2024-05-25,812.531
2024-05-26,792.095
2024-05-27,785.086
2024-05-28,821.431
2024-05-29,813.944
2024-05-30,804.795
2024-05-31,786.368
2024-06-01,735.607
2024-06-02,732.578
2024-06-03,784.824
2024-06-04,778.553
2024-06-05,767.569
2024-06-06,767.534
2024-06-07,755.027
2024-06-08,704.383
2024-06-09,697.676
2024-06-10,750.265
2024-06-11,737.449
2024-06-12,736.534
2024-06-13,719.718
2024-06-14,706.728
2024-06-15,662.587
2024-06-16,657.048
2024-06-17,697.784
2024-06-18,693.554
2024-06-19,689.468
2024-06-20,683.607
2024-06-21,673.275
2024-06-22,632.373
2024-06-23,625.948
2024-06-24,668.766
2024-06-25,671.465
2024-06-26,670.816
2024-06-27,667.518
2024-06-28,663.382
2024-06-29,621.0
2024-06-30,613.766
2024-07-01,657.012
2024-07-02,648.66
2024-07-03,648.433
2024-07-04,642.998
2024-07-05,628.21
2024-07-06,587.664
2024-07-07,584.237
2024-07-08,628.364
2024-07-09,621.902
2024-07-10,621.15
2024-07-11,621.302
2024-07-12,614.185
2024-07-13,572.621
2024-07-14,569.066
2024-07-15,615.042
2024-07-16,611.347
2024-07-17,608.538
2024-07-18,610.25
2024-07-19,600.841
2024-07-20,566.054
2024-07-21,559.54
2024-07-22,602.936
2024-07-23,605.316
2024-07-24,603.802
2024-07-25,594.24
2024-07-26,585.767
2024-07-27,549.111
2024-07-28,554.798
2024-07-29,593.658
2024-07-30,594.873
2024-07-31,595.694
2024-08-01,594.759
2024-08-02,586.485
2024-08-03,552.809
2024-08-04,549.661
2024-08-05,591.971
2024-08-06,596.25
2024-08-07,593.433
2024-08-08,595.733
2024-08-09,590.366
2024-08-10,560.13
2024-08-11,558.272
2024-08-12,602.714
2024-08-13,601.785
2024-08-14,603.022
2024-08-15,603.866
2024-08-16,598.912
2024-08-17,562.22
2024-08-18,565.559
2024-08-19,612.652
2024-08-20,621.966
2024-08-21,624.16
2024-08-22,621.244
2024-08-23,620.117
2024-08-24,584.212
2024-08-25,588.247
2024-08-26,635.23
2024-08-27,638.305
2024-08-28,642.192
2024-08-29,643.678
2024-08-30,642.552
2024-08-31,608.163
2024-09-01,609.73
2024-09-02,662.119
2024-09-03,661.584
2024-09-04,661.093
2024-09-05,666.188
2024-09-06,665.712
2024-09-07,635.517
2024-09-08,638.328
2024-09-09,692.078
2024-09-10,704.494
2024-09-11,707.653
2024-09-12,715.71
2024-09-13,720.49
2024-09-14,686.329
2024-09-15,700.964
2024-09-16,762.25
2024-09-17,771.365
2024-09-18,778.837
2024-09-19,794.219
2024-09-20,797.215
2024-09-21,757.225
2024-09-22,761.797
2024-09-23,834.404
2024-09-24,836.276
2024-09-25,849.529
2024-09-26,868.74
2024-09-27,876.693
2024-09-28,849.006
2024-09-29,865.375
2024-09-30,943.644
2024-10-01,932.652
2024-10-02,950.151
2024-10-03,969.094
2024-10-04,973.066
2024-10-05,931.827
2024-10-06,945.598
2024-10-07,1032.674
2024-10-08,1047.08
2024-10-09,1068.108
2024-10-10,1089.138
2024-10-11,1104.835
2024-10-12,1058.634
2024-10-13,1077.438
2024-10-14,1179.514
2024-10-15,1204.568
2024-10-16,1228.849
2024-10-17,1241.371
2024-10-18,1253.109
2024-10-19,1208.73
2024-10-20,1216.019
2024-10-21,1314.637
2024-10-22,1337.0
2024-10-23,1357.319
2024-10-24,1379.103
2024-10-25,1396.986
2024-10-26,1341.22
2024-10-27,1362.73
2024-10-28,1481.921
2024-10-29,1498.83
2024-10-30,1518.722
2024-10-31,1549.946
2024-11-01,1559.104
2024-11-02,1491.066
2024-11-03,1503.142
2024-11-04,1624.347
2024-11-05,1646.73
2024-11-06,1660.774
2024-11-07,1683.261
2024-11-08,1701.034
2024-11-09,1630.881
2024-11-10,1638.575
2024-11-11,1765.026
2024-11-12,1782.776
2024-11-13,1788.754
2024-11-14,1807.043
2024-11-15,1827.57
2024-11-16,1759.077
2024-11-17,1774.173
2024-11-18,1923.083
2024-11-19,1944.47
2024-11-20,1953.019
2024-11-21,1969.083
2024-11-22,1980.509
2024-11-23,1889.094
2024-11-24,1886.678
2024-11-25,2018.168
2024-11-26,2030.288
2024-11-27,2038.158
2024-11-28,2057.878
2024-11-29,2077.898
2024-11-30,1994.069
2024-12-01,2003.573
2024-12-02,2143.273
2024-12-03,2147.731
2024-12-04,2150.612
2024-12-05,2153.241
2024-12-06,2150.16
2024-12-07,2041.959
2024-12-08,2039.582
2024-12-09,2180.637
2024-12-10,2191.978
2024-12-11,2204.55
2024-12-12,2221.265
2024-12-13,2232.374
2024-12-14,2128.14
2024-12-15,2124.732
2024-12-16,2262.345
2024-12-17,2271.9
2024-12-18,2276.372
2024-12-19,2283.192
2024-12-20,2207.609
2024-12-21,2046.7
2024-12-22,2048.169
2024-12-23,2213.071
2024-12-24,2148.496
2024-12-25,2034.834
2024-12-26,2080.37
2024-12-27,2192.529
2024-12-28,2112.718
2024-12-29,2110.256
2024-12-30,2212.94
2024-12-31,2214.762
2025-01-01,2117.299
2025-01-02,2344.256
2025-01-03,2353.196
2025-01-04,2236.701
2025-01-05,2229.561
2025-01-06,2366.748
2025-01-07,2370.325
2025-01-08,2377.052
2025-01-09,2385.404
2025-01-10,2391.882
2025-01-11,2278.069
2025-01-12,2279.834
2025-01-13,2422.258
2025-01-14,2422.999
2025-01-15,2422.554
2025-01-16,2423.947
2025-01-17,2420.416
2025-01-18,2300.139
2025-01-19,2292.962
2025-01-20,2429.425
2025-01-21,2424.603
2025-01-22,2413.512
2025-01-23,2402.654
2025-01-24,2388.219
2025-01-25,2259.913
2025-01-26,2243.862
2025-01-27,2377.082
2025-01-28,2376.678
2025-01-29,2376.083
2025-01-30,2377.111
2025-01-31,2370.995
2025-02-01,2246.602
2025-02-02,2232.786
2025-02-03,2366.738
2025-02-04,2370.032
2025-02-05,2371.778
2025-02-06,2373.868
2025-02-07,2373.879
2025-02-08,2256.966
2025-02-09,2246.052
2025-02-10,2385.86
2025-02-11,2386.514
2025-02-12,2382.173
2025-02-13,2368.724
2025-02-14,2353.704
2025-02-15,2218.266
2025-02-16,2196.532
2025-02-17,2324.464
2025-02-18,2316.345
2025-02-19,2305.379
2025-02-20,2301.315
2025-02-21,2288.711
2025-02-22,2159.209
2025-02-23,2139.84
2025-02-24,2264.627
2025-02-25,2255.941
2025-02-26,2247.573
2025-02-27,2221.412
2025-02-28,2210.568
2025-03-01,2071.842
2025-03-02,2049.986
2025-03-03,2182.041
2025-03-04,2167.226
2025-03-05,2152.149
2025-03-06,2134.323
2025-03-07,2113.713
2025-03-08,1990.733
2025-03-09,1967.374
2025-03-10,2076.09
2025-03-11,2066.19
2025-03-12,2059.692
2025-03-13,2043.828
2025-03-14,2028.716
2025-03-15,1915.59
2025-03-16,1900.707
2025-03-17,2008.943
2025-03-18,1990.617
2025-03-19,1976.29
2025-03-20,1958.339
2025-03-21,1932.684
2025-03-22,1819.204
2025-03-23,1794.37
2025-03-24,1889.302
2025-03-25,1870.096
2025-03-26,1849.436
2025-03-27,1826.937
2025-03-28,1799.594
2025-03-29,1683.435
2025-03-30,1657.938
2025-03-31,1753.135
2025-04-01,1728.408
2025-04-02,1715.883
2025-04-03,1705.294
2025-04-04,1684.497
2025-04-05,1581.65
2025-04-06,1557.407
2025-04-07,1632.012
2025-04-08,1616.517
2025-04-09,1598.23
2025-04-10,1575.049
2025-04-11,1558.788
2025-04-12,1460.135
2025-04-13,1438.189
2025-04-14,1512.422
2025-04-15,1493.791
2025-04-16,1474.622
2025-04-17,1459.507
2025-04-18,1391.555
2025-04-19,1315.662
2025-04-20,1305.653
2025-04-21,1357.781
2025-04-22,1378.851
2025-04-23,1358.739
2025-04-24,1345.444
2025-04-25,1327.173
2025-04-26,1247.272
2025-04-27,1235.416
2025-04-28,1303.46
2025-04-29,1285.987
2025-04-30,1265.902
2025-05-01,1239.559
2025-05-02,1208.15
2025-05-03,1183.304
2025-05-04,1164.793
2025-05-05,1145.332
2025-05-06,1147.189
2025-05-07,1128.36
2025-05-08,1110.028
2025-05-09,1101.332
2025-05-10,1068.904
2025-05-11,1057.532
2025-05-12,1058.314
2025-05-13,1050.304
2025-05-14,1034.498
2025-05-15,1027.067
2025-05-16,1008.261
2025-05-17,942.169
2025-05-18,923.578
2025-05-19,974.268
2025-05-20,950.914
2025-05-21,927.974
2025-05-22,905.829
2025-05-23,881.301
2025-05-24,815.807
2025-05-25,802.881
2025-05-26,794.235
2025-05-27,788.351
2025-05-28,777.74
2025-05-29,769.648
2025-05-30,760.496
2025-05-31,740.077
2025-06-01,727.612
2025-06-02,774.641
2025-06-03,770.663
2025-06-04,763.074
2025-06-05,752.347
2025-06-06,742.873
2025-06-07,693.57
2025-06-08,683.279
2025-06-09,734.979
2025-06-10,732.856
2025-06-11,720.32
2025-06-12,717.594
2025-06-13,693.38
2025-06-14,644.731
2025-06-15,637.882
2025-06-16,686.941
2025-06-17,677.892
2025-06-18,673.167
2025-06-19,668.702
2025-06-20,654.127
2025-06-21,610.548
2025-06-22,605.647
2025-06-23,652.209
2025-06-24,646.795
2025-06-25,648.944
2025-06-26,648.33
2025-06-27,636.601
2025-06-28,599.582
2025-06-29,593.128
2025-06-30,638.324
2025-07-01,633.481
2025-07-02,625.535
2025-07-03,624.222
2025-07-04,609.898
2025-07-05,565.11
2025-07-06,558.912
2025-07-07,605.562
2025-07-08,603.115
2025-07-09,597.221
2025-07-10,596.146
2025-07-11,586.915
2025-07-12,550.117
2025-07-13,542.895
2025-07-14,589.071
2025-07-15,588.842
2025-07-16,585.248
2025-07-17,582.634
2025-07-18,574.956
2025-07-19,537.044
2025-07-20,535.587
2025-07-21,578.705
2025-07-22,576.774
2025-07-23,578.631
2025-07-24,576.968
2025-07-25,559.75
2025-07-26,523.391
2025-07-27,519.841
2025-07-28,571.543
2025-07-29,567.544
2025-07-30,568.78
2025-07-31,569.494
2025-08-01,559.724
2025-08-02,523.691
2025-08-03,522.619
2025-08-04,566.22
2025-08-05,565.15
2025-08-06,568.693
2025-08-07,566.449
2025-08-08,559.887
2025-08-09,526.502
2025-08-10,528.124
2025-08-11,573.909
2025-08-12,573.961
2025-08-13,573.157
2025-08-14,574.094
2025-08-15,565.509
2025-08-16,532.562
2025-08-17,529.736
2025-08-18,582.202
2025-08-19,584.451
2025-08-20,592.836
2025-08-21,595.079
2025-08-22,584.214
2025-08-23,553.199
2025-08-24,551.865
2025-08-25,606.405
2025-08-26,607.32
2025-08-27,610.417
2025-08-28,614.167
2025-08-29,607.172
2025-08-30,574.878
2025-08-31,575.491
2025-09-01,629.446
2025-09-02,633.739
2025-09-03,633.832
2025-09-04,634.302
2025-09-05,630.801
2025-09-06,598.305
2025-09-07,604.204
2025-09-08,661.207
2025-09-09,666.117
2025-09-10,677.971
2025-09-11,682.112
2025-09-12,681.94
2025-09-13,651.621
2025-09-14,656.831
2025-09-15,729.353
2025-09-16,738.614
2025-09-17,748.227
2025-09-18,756.095
2025-09-19,762.369
2025-09-20,726.969
2025-09-21,729.912
2025-09-22,796.927
2025-09-23,812.259
2025-09-24,815.477
2025-09-25,829.059
2025-09-26,839.285
2025-09-27,804.378
2025-09-28,822.726
2025-09-29,908.078
2025-09-30,925.77
2025-10-01,957.614
2025-10-02,974.6
2025-10-03,981.701
2025-10-04,923.321
2025-10-05,932.036
2025-10-06,1037.479
2025-10-07,1054.767
2025-10-08,1067.724
2025-10-09,1088.725
2025-10-10,1096.927
2025-10-11,1043.211
2025-10-12,1053.148
2025-10-13,1170.624
2025-10-14,1195.323
2025-10-15,1219.485
2025-10-16,1244.187
2025-10-17,1240.41
2025-10-18,1178.39
2025-10-19,1195.975
2025-10-20,1312.093
2025-10-21,1325.196
2025-10-22,1346.386
2025-10-23,1366.973
2025-10-24,1373.621
2025-10-25,1309.043
2025-10-26,1322.481
2025-10-27,1461.676
2025-10-28,1489.125
2025-10-29,1503.392
2025-10-30,1521.684
2025-10-31,1537.64
2025-11-01,1456.451
2025-11-02,1465.432
2025-11-03,1601.671
2025-11-04,1624.368
2025-11-05,1647.338
2025-11-06,1658.155
2025-11-07,1662.314
2025-11-08,1585.111
2025-11-09,1598.365
2025-11-10,1738.357
2025-11-11,1759.844
2025-11-12,1777.475
2025-11-13,1780.885
2025-11-14,1779.728
2025-11-15,1699.609
2025-11-16,1719.956
2025-11-17,1875.043
2025-11-18,1912.625
2025-11-19,1931.329
2025-11-20,1937.631
2025-11-21,1933.438
2025-11-22,1837.952
2025-11-23,1843.255
2025-11-24,1988.116
2025-11-25,2000.725
2025-11-26,2014.059
2025-11-27,2019.074
2025-11-28,2017.948
2025-11-29,1925.637
2025-11-30,1942.398
2025-12-01,2105.333
2025-12-02,2120.565
2025-12-03,2123.605
2025-12-04,2126.024
2025-12-05,2107.433
2025-12-06,1990.423
2025-12-07,1987.118
2025-12-08,2140.54
2025-12-09,2155.977
2025-12-10,2166.049
2025-12-11,2176.768
2025-12-12,2171.338
2025-12-13,2063.975
2025-12-14,2068.247
2025-12-15,2225.735
2025-12-16,2234.625
2025-12-17,2244.465
2025-12-18,2246.943
2025-12-19,2232.425
2025-12-20,2098.443
2025-12-21,2096.692
2025-12-22,2169.326
2025-12-23,2168.614
2025-12-24,2063.854
2025-12-25,1857.272
2025-12-26,2051.594
2025-12-27,2066.36
2025-12-28,2080.58
2025-12-29,2118.177
2025-12-30,2121.553
2025-12-31,2122.928
2026-01-01,2079.247
2026-01-02,2268.54
2026-01-03,2162.478
2026-01-04,2159.864
2026-01-05,2319.092
2026-01-06,2319.352
2026-01-07,2322.496
2026-01-08,2328.981
2026-01-09,2314.483
2026-01-10,2196.15
2026-01-11,2197.977
2026-01-12,2368.48
2026-01-13,2371.56
2026-01-14,2371.793
2026-01-15,2370.908
2026-01-16,2349.456
2026-01-17,2220.087
2026-01-18,2216.938
2026-01-19,2379.584
2026-01-20,2376.508
2026-01-21,2371.608
2026-01-22,2360.605
2026-01-23,2327.707
2026-01-24,2189.137
2026-01-25,2176.895
2026-01-26,2328.604
2026-01-27,2324.401
2026-01-28,2323.955
2026-01-29,2322.576
2026-01-30,2301.569
2026-01-31,2171.766
2026-02-01,2162.566
2026-02-02,2315.104
2026-02-03,2312.789
2026-02-04,2316.001
2026-02-05,2317.319
2026-02-06,2296.612
2026-02-07,2172.476
2026-02-08,2170.081
2026-02-09,2326.772
2026-02-10,2329.277
2026-02-11,2329.758
2026-02-12,2326.644
2026-02-13,2289.875
2026-02-14,2152.281
2026-02-15,2131.742
2026-02-16,2274.817
2026-02-17,2268.46
2026-02-18,2260.8
2026-02-19,2249.916
2026-02-20,2224.149
2026-02-21,2092.179
2026-02-22,2074.48
2026-02-23,2216.446
2026-02-24,2209.885
2026-02-25,2201.416
2026-02-26,2193.346
2026-02-27,2147.476
2026-02-28,2020.353
2026-03-01,1990.95
2026-03-02,2125.795
2026-03-03,2130.416
2026-03-04,2116.068
2026-03-05,2101.637
2026-03-06,2063.922
2026-03-07,1932.142
2026-03-08,1913.183
2026-03-09,2041.427
2026-03-10,2028.047
2026-03-11,2018.408
2026-03-12,2013.277
2026-03-13,1977.041
2026-03-14,1854.516
2026-03-15,1841.128
2026-03-16,1973.43
2026-03-17,1964.366
2026-03-18,1945.387
2026-03-19,1931.593
2026-03-20,1895.334
2026-03-21,1767.188
2026-03-22,1749.207
2026-03-23,1866.062
2026-03-24,1848.468
2026-03-25,1830.188
2026-03-26,1810.241
2026-03-27,1770.477
2026-03-28,1647.001
2026-03-29,1620.872
2026-03-30,1728.662
2026-03-31,1721.058
2026-04-01,1626.827
2026-04-02,1615.436
2026-04-03,1524.209
2026-04-04,1403.673
2026-04-05,1391.766
2026-04-06,1483.396
2026-04-07,1538.214
2026-04-08,1523.476
2026-04-09,1506.693
2026-04-10,1486.008
2026-04-11,1430.449
2026-04-12,1410.426
2026-04-13,1509.067
2026-04-14,1489.521
2026-04-15,1471.982
2026-04-16,1458.486
2026-04-17,1427.297
2026-04-18,1327.365
2026-04-19,1309.718
2026-04-20,1404.333
2026-04-21,1397.411
2026-04-22,1364.347
2026-04-23,1346.087
2026-04-24,1319.432
2026-04-25,1218.366
2026-04-26,1208.211
2026-04-27,1304.924
2026-04-28,1289.783
2026-04-29,1273.493
2026-04-30,1255.358
2026-05-01,1215.849
2026-05-02,1132.633
2026-05-03,1118.359
2026-05-04,1101.957
2026-05-05,1126.272
2026-05-06,1110.896
2026-05-07,1093.868
2026-05-08,1077.301
2026-05-09,1030.24
2026-05-10,1017.061
2026-05-11,1073.884
2026-05-12,1060.212
2026-05-13,1053.519
2026-05-14,1037.41
2026-05-15,1018.178
2026-05-16,938.387
2026-05-17,924.975
2026-05-18,997.237
2026-05-19,981.22
2026-05-20,959.233
2026-05-21,937.404
2026-05-22,904.088
2026-05-23,825.536
2026-05-24,745.944
2026-05-25,738.818
2026-05-26,735.263
2026-05-27,728.906
2026-05-28,720.107
2026-05-29,713.364
2026-05-30,702.611
2026-05-31,739.791
2026-06-01,803.339
2026-06-02,793.381
2026-06-03,790.831
2026-06-04,784.622
2026-06-05,762.507
2026-06-06,702.198
2026-06-07,693.161
2026-06-08,759.805
2026-06-09,756.153
2026-06-10,755.341
2026-06-11,742.378
2026-06-12,730.952
2026-06-13,659.061
2026-06-14,648.409
2026-06-15,715.368
2026-06-16,712.342
2026-06-17,702.517
2026-06-18,698.262
2026-06-19,683.751
2026-06-20,623.962
2026-06-21,616.389
2026-06-22,683.362
2026-06-23,679.119
2026-06-24,673.056
2026-06-25,675.777
2026-06-26,664.794
2026-06-27,608.469
2026-06-28,605.855
2026-06-29,671.105
2026-06-30,665.89
2026-07-01,661.607
2026-07-02,653.102
2026-07-03,642.864
2026-07-04,584.452
2026-07-05,574.166
2026-07-06,636.732
2026-07-07,634.92
2026-07-08,632.585
2026-07-09,625.983
2026-07-10,615.324
2026-07-11,564.013
2026-07-12,559.527
2026-07-13,620.57
2026-07-14,618.675
2026-07-15,618.917
2026-07-16,615.146
2026-07-17,602.648
2026-07-18,553.322
2026-07-19,547.648
2026-07-20,614.273
2026-07-21,609.267
2026-07-22,607.416
2026-07-23,610.284
2026-07-24,599.004
2026-07-25,540.572
2026-07-26,535.614
2026-07-27,597.039
2026-07-28,603.533
2026-07-29,598.698
2026-07-30,599.845
2026-07-31,590.911
2026-08-01,541.458
2026-08-02,536.918
2026-08-03,601.172
2026-08-04,598.487
2026-08-05,597.408
2026-08-06,601.564
2026-08-07,588.937
2026-08-08,541.596
2026-08-09,539.286
2026-08-10,607.408
2026-08-11,606.529
2026-08-12,606.795
2026-08-13,605.8
2026-08-14,597.303
2026-08-15,546.208
2026-08-16,544.514
2026-08-17,608.469
2026-08-18,613.507
2026-08-19,615.24
2026-08-20,623.837
2026-08-21,616.096
2026-08-22,562.533
2026-08-23,563.404
2026-08-24,630.221
2026-08-25,636.322
2026-08-26,636.533
2026-08-27,639.535
2026-08-28,633.35
2026-08-29,583.193
2026-08-30,583.886
2026-08-31,654.586
2026-09-01,658.932
2026-09-02,663.6
2026-09-03,662.921
2026-09-04,652.074
2026-09-05,604.27
2026-09-06,606.127
2026-09-07,683.136
2026-09-08,688.619
2026-09-09,692.69
2026-09-10,705.841
2026-09-11,698.255
2026-09-12,651.21
2026-09-13,657.385
2026-09-14,736.093
2026-09-15,754.965
2026-09-16,763.161
2026-09-17,772.073
2026-09-18,768.35
2026-09-19,723.439
2026-09-20,728.513
2026-09-21,809.702
2026-09-22,818.433
2026-09-23,834.61
2026-09-24,836.169
2026-09-25,837.496
2026-09-26,793.385
2026-09-27,802.22
2026-09-28,903.671
2026-09-29,925.729
2026-09-30,941.608
